qty,total_price,freight_price,unit_price,product_name_lenght,product_description_lenght,product_photos_qty,product_weight_g,product_score,customers,weekday,weekend,holiday,month,year,s,volume,comp_1,ps1,fp1,comp_2,ps2,fp2,comp_3,ps3,fp3,product_id_encoded,product_category_name_encoded,lag_price
17,679.83,16.46235294,39.99,39,161,2,350,4.0,43,22,9,1,3,2018,15.88785047,3800,86.9,3.9,19.98235294,39.99,4.0,16.46235294,39.99,4.0,16.46235294,0,0,39.99
1,84.9,4.41,84.9,55,312,1,1550,3.3,15,23,8,1,8,2018,1.351351351,20944,74.0,3.9,17.25571429,84.9,3.3,4.41,39.24,4.0,16.33375,2,0,84.9
52,10375.0,19.41288462,199.5098039,56,162,5,9750,4.4,90,23,8,1,8,2017,33.76623377,12600,89.9,3.9,14.65675676,199.5098039,4.4,19.41288462,45.95,4.0,14.2875,4,0,205.0
10,1604.0,17.856,160.4,35,591,3,444,4.0,54,21,9,1,9,2017,13.51351351,4480,148.7785714,4.2,14.04111111,160.4,4.0,17.856,164.57,3.8,19.528,45,8,169.9
83,5801.7,9.071566265,69.9,44,903,6,2600,4.1,92,21,9,1,4,2018,20.0968523,15000,69.9,4.1,9.071566265,35.0,3.7,13.46941176,99.9,4.4,23.32769231,19,4,69.9
17,1477.3,19.38352941,86.9,54,245,1,1383,3.9,62,23,8,2,1,2018,13.28125,20000,86.9,3.9,19.38352941,86.9,3.9,19.38352941,39.99,4.0,16.53368421,1,0,88.48823529
19,1709.81,15.89473684,89.99,59,492,3,250,4.1,112,21,10,1,12,2017,13.01369863,3960,23.99,4.3,12.45684211,89.99,4.1,15.89473684,58.99,3.9,16.33222222,40,6,89.99
12,1318.8,25.24916667,109.9,33,256,1,180,3.5,35,21,10,1,12,2017,92.30769231,2210,149.99,4.2,38.57,109.9,3.5,25.24916667,109.9,3.5,25.24916667,6,1,109.9
19,6270.0,15.74789474,330.0,60,2644,6,400,4.2,159,23,8,3,5,2018,12.02531646,2992,23.99,4.3,7.988571429,79.99,4.1,21.943125,58.99,3.9,9.4225,34,6,330.0
21,419.79,12.68333333,19.99,48,575,1,100,4.3,53,22,8,1,6,2017,7.345238095,4500,19.99,4.3,12.68333333,89.99,4.1,14.16333333,58.79952381,3.9,13.90333333,41,6,19.99
17,1018.3,16.81176471,59.9,59,341,2,1750,4.2,115,21,9,1,9,2017,7.762557078,32560,59.9,4.1,17.18702703,59.9,4.2,16.81176471,59.9,4.1,16.29461538,23,5,59.9
17,416.5,13.52470588,24.5,56,237,3,100,3.9,30,21,10,1,12,2017,23.28767123,2304,24.5,4.2,12.87375,24.5,3.9,13.52470588,24.5,3.9,13.52470588,12,2,24.5
5,390.0,18.22,78.0,59,319,4,250,3.9,48,23,8,1,8,2017,21.97670435,640,160.6692308,4.2,15.18538462,78.0,3.9,18.22,179.9,3.8,14.92666667,46,8,78.0
21,1889.79,47.52571429,89.99,47,1893,1,6050,4.1,339,22,8,4,11,2017,27.27272727,8000,52.40694444,4.1,17.06747253,53.64828125,4.2,16.07586207,53.78571429,4.1,18.27550725,25,5,92.594
3,236.7,13.41333333,78.9,33,300,1,207,3.5,43,22,9,1,7,2018,2.419354839,2926,119.99,4.2,48.62666667,149.9,4.3,33.57153846,77.9,3.5,14.63857143,9,1,89.9
1,35.0,19.44,35.0,41,789,1,950,3.8,19,23,8,1,8,2018,2.079759863,14000,103.2333333,4.1,22.3,35.0,3.7,15.628125,83.83333333,4.4,23.77666667,20,4,34.95
11,4004.0,32.69727273,364.0,51,625,1,900,4.3,131,21,9,0,6,2018,7.54076087,11400,23.99,4.3,16.27,79.99,4.1,13.36230769,58.99,3.9,16.43,37,6,352.25
3,137.85,12.93333333,45.95,39,161,2,350,4.0,61,22,8,1,6,2017,6.503115265,3800,89.9,3.9,14.76921569,209.0,4.4,21.322,45.95,4.0,12.93333333,0,0,45.95
6,195.0,18.05666667,32.5,49,100,4,150,4.2,13,22,9,1,3,2018,25.0,2304,32.5,4.2,18.05666667,32.74285714,3.9,14.02714286,32.5,4.2,18.05666667,11,2,32.5
14,2629.96,38.53785714,187.8542857,33,2188,2,7650,4.2,137,23,8,2,1,2018,17.94871795,8000,49.9,4.1,19.495,49.9,4.2,15.84103448,49.9,4.1,16.50512821,30,5,183.99
12,3900.0,16.99416667,325.0,60,2644,6,400,4.2,139,22,8,4,11,2017,32.43243243,2992,23.99,4.3,12.37535714,89.99,4.1,16.99038462,58.99,3.9,15.71166667,34,6,325.0
1,339.0,13.94,339.0,46,501,4,363,3.7,54,21,9,1,9,2017,3.03030303,3042,148.7785714,4.2,14.04111111,339.0,3.7,13.94,164.57,3.8,19.528,50,8,339.0
15,888.85,17.998,59.25666667,59,492,2,200,3.9,61,21,10,1,7,2017,6.071428571,3960,19.99,4.3,11.13517241,89.99,4.1,12.11882353,59.25666667,3.9,17.998,39,6,58.79952381
3,299.97,15.93333333,99.99,54,1012,1,1200,4.2,10,21,9,1,9,2017,2.702702703,15750,99.99,4.2,15.93333333,99.99,4.2,15.93333333,29.5,4.4,11.73,13,3,99.99
13,1884.45,19.28538462,144.96,42,363,1,922,4.2,15,23,8,1,8,2017,13.68421053,7650,145.7042857,4.2,36.46,144.96,4.2,19.28538462,144.96,4.2,19.28538462,7,1,146.6
6,359.4,16.26,59.9,57,339,2,1800,4.2,113,23,8,1,8,2017,11.31276467,32560,59.9,4.1,18.16230769,59.9,4.2,17.68111111,59.9,4.1,18.05043478,29,5,59.9
7,683.0,39.5,97.33333333,36,450,1,9000,4.1,113,23,8,1,8,2017,6.666666667,19656,59.9,4.1,18.16230769,59.9,4.2,17.68111111,59.9,4.1,18.05043478,27,5,89.0
2,76.8,9.34,38.4,49,829,1,850,3.7,125,23,8,2,1,2018,2.105263158,10000,69.9953271,4.1,17.66311475,38.4,3.7,9.34,99.9,4.4,22.81923077,18,4,38.35
16,1248.0,16.645625,78.0,59,319,4,250,3.9,178,21,9,1,4,2018,11.51079137,640,105.648625,4.2,2.181647059,105.0,4.2,13.63142857,150.1333333,3.8,19.44777778,46,8,78.0
13,1298.7,23.32769231,99.9,57,272,1,2500,4.4,92,21,9,1,4,2018,13.40206186,12000,69.9,4.1,9.071566265,35.0,3.7,13.46941176,99.9,4.4,23.32769231,21,4,99.9
1,134.99,15.7,134.99,40,1456,1,2425,3.8,39,23,8,1,8,2017,1.428571429,16530,99.99,4.2,18.975,116.9275,4.3,19.02125,134.99,3.8,15.7,16,3,134.99
27,1617.3,17.68111111,59.9,59,341,2,1750,4.2,113,23,8,1,8,2017,9.071360306,32560,59.9,4.1,18.16230769,59.9,4.2,17.68111111,59.9,4.1,18.05043478,23,5,59.9
59,12095.0,22.1959322,205.0,56,162,5,9750,4.4,123,21,10,1,7,2017,38.31168831,12600,89.9,3.9,13.99383333,205.0,4.4,22.1959322,45.95,4.0,14.84,4,0,209.0
15,448.5,9.551333333,29.9,55,388,1,250,4.5,98,23,8,2,1,2018,12.09677419,1200,23.99,4.3,11.28736842,89.99,4.1,14.811,58.99,3.9,22.67833333,36,6,29.9
10,1099.0,12.015,109.9,45,236,1,173,4.0,17,21,10,1,7,2017,22.33704293,2808,139.99,4.2,48.10833333,109.9,4.0,12.015,109.9,4.0,12.015,5,1,100.9
4,227.96,14.5575,56.99,54,1536,2,250,4.3,12,20,8,2,2,2018,9.523809524,3360,56.99,4.3,14.5575,117.8888889,4.4,13.88090909,56.99,4.3,14.5575,42,7,56.99
4,239.6,16.6125,59.9,58,340,2,1500,4.0,26,22,8,1,6,2017,3.498076354,19800,59.9,4.1,17.67,59.9,4.2,16.26,59.9,4.0,16.6125,31,5,59.9
37,2216.3,17.18702703,59.9,56,348,2,1550,4.1,115,21,9,1,9,2017,13.4057971,19800,59.9,4.1,17.18702703,59.9,4.2,16.81176471,59.9,4.1,16.29461538,28,5,59.9
10,880.0,10.869,88.0,33,300,1,207,3.5,107,21,9,1,4,2018,8.064516129,2926,120.9230769,4.2,27.25303571,149.9,4.3,30.22742857,80.66666667,3.5,18.17230769,9,1,88.0
26,1401.4,19.02423077,53.9,57,366,2,1650,4.1,116,22,9,1,3,2018,13.68421053,19800,53.9,4.1,20.35967742,53.9,4.2,21.85285714,53.9,4.1,19.02423077,26,5,50.35714286
34,1170.35,13.75058824,34.58117647,41,789,1,950,3.8,64,22,8,4,11,2017,64.1509434,14000,75.0,4.1,16.13272727,36.85428571,3.7,13.65214286,99.9,4.4,21.19,20,4,38.4
9,530.91,16.33222222,58.99,59,492,2,200,3.9,112,21,10,1,12,2017,5.142857143,3960,23.99,4.3,12.45684211,89.99,4.1,15.89473684,58.99,3.9,16.33222222,39,6,58.99
15,1995.0,19.91666667,133.0,33,523,3,584,4.2,91,22,8,4,11,2017,22.72727273,2288,133.0,4.2,19.91666667,108.0,4.2,15.90846154,174.4333333,3.8,20.99277778,49,8,134.9
2,95.8,12.055,47.9,38,735,5,800,4.2,57,23,8,3,5,2018,3.448275862,8000,83.64961538,3.9,16.78038462,47.9,4.2,12.055,39.99,4.0,10.25631579,3,0,47.9
6,1079.94,36.75666667,179.99,33,2188,2,7650,4.2,146,22,9,2,10,2017,15.0,8000,59.9,4.1,18.06589744,59.9,4.2,17.59548387,59.9,4.1,16.81416667,30,5,179.99
1,134.9,6.81,134.9,33,523,3,584,4.2,43,22,9,2,10,2017,1.515151515,2288,134.9,4.2,6.81,134.9,4.2,6.81,232.49,3.8,14.2125,49,8,148.7785714
28,686.0,13.64535714,24.5,49,100,4,150,4.2,49,22,8,4,11,2017,23.72881356,2304,24.5,4.2,13.64535714,24.5,3.9,13.65217391,24.5,4.2,13.64535714,11,2,21.54285714
11,3575.0,19.52363636,325.0,60,2644,6,400,4.2,89,21,9,1,9,2017,29.72972973,2992,23.99,4.3,16.12,89.99,4.1,13.96428571,58.99,3.9,15.6392,34,6,325.0
29,1559.1,13.51034483,53.70952381,59,341,2,1750,4.2,102,23,8,3,5,2018,9.115164065,32560,53.41515152,4.1,10.75303571,53.70952381,4.2,13.51034483,53.05789474,4.1,12.98,23,5,53.9
1,99.99,33.0,99.99,47,1893,1,6050,4.1,3,20,8,2,2,2017,11.58685065,8000,99.99,4.1,33.0,99.99,4.1,33.0,99.99,4.1,33.0,25,5,99.94
14,2200.0,16.65714286,157.1428571,35,640,1,335,4.1,122,22,9,1,7,2018,31.19469027,2992,118.3636364,4.2,15.48,105.0,4.2,24.93875,155.0,3.8,16.47,51,8,152.6333333
50,4249.5,16.2446,84.99,49,1495,3,600,3.8,112,21,10,1,12,2017,52.08333333,8151,23.99,4.3,12.45684211,89.99,4.1,15.89473684,58.99,3.9,16.33222222,32,6,84.99
6,611.4,17.785,100.9,45,236,1,173,4.0,15,22,8,1,6,2017,10.06889242,2808,159.99,4.2,42.03333333,100.9,4.0,17.785,100.9,4.0,17.785,5,1,94.9
32,1769.7,19.184375,55.425,59,341,2,1750,4.2,184,21,10,1,12,2017,14.61187215,32560,55.1,4.1,15.75960784,55.425,4.2,19.184375,55.75,4.1,17.26727273,23,5,53.64828125
6,510.27,12.94,85.045,54,245,1,1383,3.9,34,21,9,1,4,2018,7.079126045,20000,85.045,3.9,12.94,85.045,3.9,12.94,39.99,4.0,14.23615385,1,0,86.9
19,759.81,10.25631579,39.99,39,161,2,350,4.0,57,23,8,3,5,2018,10.26739356,3800,83.64961538,3.9,16.78038462,39.99,4.0,10.25631579,39.99,4.0,10.25631579,0,0,39.99
46,2479.4,5.28173913,53.9,56,348,2,1550,4.1,111,21,9,1,4,2018,22.11538462,19800,53.9,4.1,5.28173913,53.9,4.2,19.46846154,53.9,4.1,19.07142857,28,5,53.9
11,1296.8,13.88090909,117.8888889,29,178,1,400,4.4,12,20,8,2,2,2018,13.41463415,4693,56.99,4.3,14.5575,117.8888889,4.4,13.88090909,117.8888889,4.4,13.88090909,43,7,117.9
3,179.7,16.26,59.9,59,341,2,1750,4.2,26,22,8,1,6,2017,2.429117553,32560,59.9,4.1,17.67,59.9,4.2,16.26,59.9,4.2,16.26,23,5,59.9
14,825.86,19.575,58.99,59,492,2,200,3.9,126,20,8,2,2,2018,13.92857143,3960,23.99,4.3,12.55,89.99,4.1,16.30764706,58.99,3.9,19.575,39,6,58.99
12,1763.88,18.755,146.99,40,1456,1,2425,3.8,33,22,9,2,10,2017,17.14285714,16530,99.99,4.2,16.95,119.99,4.3,19.997,146.99,3.8,18.755,16,3,146.94
32,3935.68,36.941875,122.99,50,1257,1,700,4.1,127,23,8,1,8,2018,20.51282051,5700,23.99,4.3,16.77,82.82142857,4.1,12.41857143,58.99,3.9,12.08333333,35,6,122.99
3,234.0,10.3,78.0,59,319,4,250,3.9,17,22,8,1,6,2017,21.17163412,640,163.0,4.2,14.265,78.0,3.9,10.3,185.0,3.8,14.74,46,8,77.95
27,647.73,13.13666667,23.99,48,575,1,100,4.3,81,22,9,2,10,2017,12.0,4500,23.99,4.3,13.13666667,89.99,4.1,16.56291667,58.99,3.9,19.06526316,41,6,23.99
1,349.9,19.29,349.9,51,625,1,900,4.3,23,20,10,2,4,2017,4.585597826,11400,19.99,4.3,18.03846154,349.9,4.3,19.29,64.99,3.9,15.16888889,37,6,349.9
65,4543.5,18.42507692,69.9,44,903,6,2600,4.1,83,22,9,1,3,2018,15.73849879,15000,69.9,4.1,18.42507692,35.48571429,3.7,15.44823529,99.9,4.4,22.14583333,19,4,69.9
2,269.8,38.78,134.9,42,363,1,922,4.2,35,21,10,1,12,2017,2.105263158,7650,149.99,4.2,38.57,134.9,4.2,38.78,109.9,3.5,25.24916667,7,1,137.9
18,538.2,9.365555556,29.9,55,388,1,250,4.5,113,22,9,1,7,2018,14.51612903,1200,23.99,4.3,18.81,79.99,4.1,16.745,58.99,3.9,7.67,36,6,29.9
3,149.7,20.99,49.9,59,341,2,1850,4.3,46,23,8,1,8,2018,15.47330097,32560,49.91,4.1,20.32833333,49.9,4.2,36.442,49.9,4.1,32.32,24,5,49.9
10,3461.58,13.455,346.158,46,501,4,363,3.7,43,22,9,2,10,2017,30.3030303,3042,134.9,4.2,6.81,346.158,3.7,13.455,232.49,3.8,14.2125,50,8,339.0
8,313.92,16.33375,39.24,39,161,2,350,4.0,15,23,8,1,8,2018,9.293873313,3800,74.0,3.9,17.25571429,39.24,4.0,16.33375,39.24,4.0,16.33375,0,0,39.99
51,2881.6,15.75960784,55.1,56,348,2,1550,4.1,184,21,10,1,12,2017,18.47826087,19800,55.1,4.1,15.75960784,55.425,4.2,19.184375,55.75,4.1,17.26727273,28,5,52.40694444
18,2699.82,42.51722222,149.99,59,1893,1,6550,4.2,36,22,8,4,11,2017,18.75,8000,149.99,4.2,42.51722222,149.99,4.2,42.51722222,109.9,3.5,15.52,8,1,154.6958824
11,445.85,15.83272727,40.53181818,39,161,2,350,4.0,97,22,8,4,11,2017,30.55555556,3800,89.9,3.9,16.294,40.53181818,4.0,15.83272727,40.53181818,4.0,15.83272727,0,0,45.95
25,1347.5,19.2648,53.9,58,340,2,1500,4.0,116,22,9,1,3,2018,16.12903226,19800,53.9,4.1,20.35967742,53.9,4.2,21.85285714,53.9,4.1,19.02423077,31,5,51.025
3,179.7,18.39333333,59.9,58,340,2,1500,4.0,17,20,10,2,4,2017,7.139686298,19800,59.9,4.0,18.39333333,59.9,4.0,18.39333333,59.9,4.0,18.39333333,31,5,59.85
44,4752.0,16.19636364,108.0,58,3006,2,1000,4.2,59,23,8,2,1,2018,22.11055276,7632,108.0,4.2,16.19636364,108.0,4.2,16.19636364,199.0,3.8,21.88,47,8,108.0
8,840.0,24.93875,105.0,58,3006,2,1000,4.2,122,22,9,1,7,2018,4.020100503,7632,118.3636364,4.2,15.48,105.0,4.2,24.93875,155.0,3.8,16.47,47,8,105.0
6,589.94,34.08333333,98.32333333,58,1893,1,5950,4.3,46,23,8,1,8,2018,7.020408163,8000,49.91,4.1,20.32833333,49.9,4.2,36.442,49.9,4.1,32.32,22,5,99.99
9,1351.2,19.44777778,150.1333333,35,514,2,4338,3.8,178,21,9,1,4,2018,5.893146249,2856,105.648625,4.2,2.181647059,105.0,4.2,13.63142857,150.1333333,3.8,19.44777778,44,8,151.8784375
45,7651.27,17.95355556,169.3493182,46,501,4,363,3.7,122,22,9,1,7,2018,50.0,3042,118.3636364,4.2,15.48,105.0,4.2,24.93875,155.0,3.8,16.47,50,8,245.9
9,3276.0,28.55111111,364.0,51,625,1,900,4.3,127,23,8,1,8,2018,10.36005435,11400,23.99,4.3,16.77,82.82142857,4.1,12.41857143,58.99,3.9,12.08333333,37,6,364.0
28,2519.72,39.33678571,89.99,58,1893,1,5950,4.3,339,22,8,4,11,2017,28.57142857,8000,52.40694444,4.1,17.06747253,53.64828125,4.2,16.07586207,53.78571429,4.1,18.27550725,22,5,95.29
9,815.0,17.82222222,90.875,55,312,1,1550,3.3,34,21,9,1,4,2018,12.16216216,20944,85.045,3.9,12.94,90.875,3.3,17.82222222,39.99,4.0,14.23615385,2,0,92.0
43,5288.57,35.51837209,122.99,50,1257,1,700,4.1,131,21,9,0,6,2018,27.56410256,5700,23.99,4.3,16.27,79.99,4.1,13.36230769,58.99,3.9,16.43,35,6,119.99
5,699.95,35.122,139.99,59,1893,1,6550,4.2,5,20,10,2,4,2017,14.0327381,8000,139.99,4.2,35.122,139.99,4.2,35.122,139.99,4.2,35.122,8,1,159.99
4,395.6,14.975,98.9,45,236,1,173,4.0,15,21,9,1,9,2017,10.81081081,2808,151.99,4.2,43.72272727,98.9,4.0,14.975,98.9,4.0,14.975,5,1,109.9
4,338.77,18.195,84.6925,54,995,1,4475,4.3,18,21,9,1,4,2018,9.703196347,32736,89.86333333,4.2,19.87666667,129.99,4.3,23.49,35.0,4.4,14.845,17,3,97.952
10,1191.9,21.229,119.19,35,591,3,444,4.0,178,21,9,1,4,2018,13.88888889,4480,105.648625,4.2,2.181647059,105.0,4.2,13.63142857,150.1333333,3.8,19.44777778,45,8,123.9666667
4,929.96,14.2125,232.49,35,514,2,4338,3.8,43,22,9,2,10,2017,4.705882353,2856,134.9,4.2,6.81,232.49,3.8,14.2125,232.49,3.8,14.2125,44,8,164.57
12,550.8,13.6875,45.9,38,735,5,800,4.2,41,21,10,1,12,2017,16.43835616,8000,88.48823529,3.9,18.89833333,45.9,4.2,13.6875,39.99,4.0,15.23,3,0,44.15444444
12,1105.92,30.83416667,92.594,47,1893,1,6050,4.1,146,22,9,2,10,2017,15.58441558,8000,59.9,4.1,18.06589744,59.9,4.2,17.59548387,59.9,4.1,16.81416667,25,5,104.25
9,1071.0,19.20666667,119.0,33,523,3,584,4.2,93,21,9,0,6,2018,4.781275793,2288,119.0,4.2,19.20666667,105.0,4.2,23.82357143,138.22,3.8,16.108,49,8,103.7925234
14,1399.86,19.91214286,99.99,54,995,1,4475,4.3,42,21,10,1,7,2017,19.17808219,32736,99.99,4.2,16.52909091,129.99,4.3,18.715625,99.99,4.3,19.91214286,17,3,99.99
12,2148.0,47.82583333,179.0,33,2188,2,7650,4.2,160,20,8,2,2,2018,8.942307692,8000,50.54516129,4.1,16.61153846,50.9,4.2,17.51944444,50.35714286,4.1,18.281875,30,5,187.8542857
21,4319.4,20.90238095,205.6857143,42,236,1,342,4.1,90,20,8,2,2,2018,27.27272727,3510,128.2416667,4.2,15.92666667,108.0,4.2,18.25363636,182.0,3.8,19.33,48,8,220.77
1,59.9,17.67,59.9,56,348,2,1550,4.1,26,22,8,1,6,2017,3.065774805,19800,59.9,4.1,17.67,59.9,4.2,16.26,59.9,4.1,17.67,28,5,59.9
6,353.94,16.43,58.99,59,492,2,200,3.9,131,21,9,0,6,2018,11.35714286,3960,23.99,4.3,16.27,79.99,4.1,13.36230769,58.99,3.9,16.43,39,6,58.99
1,78.0,15.3,78.0,59,319,4,250,3.9,90,20,8,2,2,2018,0.71942446,640,128.2416667,4.2,15.92666667,108.0,4.2,18.25363636,182.0,3.8,19.33,46,8,78.0
5,593.5,15.978,118.7,29,178,1,400,4.4,13,22,9,1,7,2018,6.097560976,4693,49.99,4.3,12.5225,118.7,4.4,15.978,118.7,4.4,15.978,43,7,119.1785714
5,257.56,14.368,51.512,40,409,1,1110,4.2,113,22,9,1,7,2018,3.225806452,3762,23.99,4.3,18.81,79.99,4.1,16.745,58.99,3.9,7.67,33,6,49.98
5,929.8,18.686,185.96,35,514,2,4338,3.8,73,21,10,1,12,2017,5.882352941,2856,149.0,4.2,19.1,108.0,4.2,16.65384615,185.96,3.8,18.686,44,8,174.4333333
6,707.4,14.03833333,117.9,29,178,1,400,4.4,15,23,8,2,1,2018,7.317073171,4693,56.99,4.3,12.215,117.9,4.4,14.03833333,117.9,4.4,14.03833333,43,7,118.0
39,2336.1,18.06589744,59.9,56,348,2,1550,4.1,146,22,9,2,10,2017,14.13043478,19800,59.9,4.1,18.06589744,59.9,4.2,17.59548387,59.9,4.1,16.81416667,28,5,59.9
6,353.94,22.67833333,58.99,59,492,2,200,3.9,98,23,8,2,1,2018,5.642857143,3960,23.99,4.3,11.28736842,89.99,4.1,14.811,58.99,3.9,22.67833333,39,6,58.99
11,1082.0,16.39727273,98.3,55,312,1,1550,3.3,62,23,8,2,1,2018,14.86486486,20944,86.9,3.9,19.38352941,98.3,3.3,16.39727273,39.99,4.0,16.53368421,2,0,99.0
11,1969.0,28.63272727,179.0,33,2188,2,7650,4.2,111,21,9,1,4,2018,10.80128205,8000,53.9,4.1,5.28173913,53.9,4.2,19.46846154,53.9,4.1,19.07142857,30,5,175.1538462
25,1474.75,15.6392,58.99,59,492,2,200,3.9,89,21,9,1,9,2017,14.28571429,3960,23.99,4.3,16.12,89.99,4.1,13.96428571,58.99,3.9,15.6392,39,6,58.99
8,1039.92,18.77875,129.99,33,897,1,1600,4.3,22,23,8,1,3,2017,9.853603604,15750,99.99,4.2,16.64428571,129.99,4.3,18.77875,129.99,4.3,18.77875,14,3,129.94
16,1279.84,21.943125,79.99,59,492,3,250,4.1,159,23,8,3,5,2018,9.134440538,3960,23.99,4.3,7.988571429,79.99,4.1,21.943125,58.99,3.9,9.4225,40,6,79.99
10,499.0,36.442,49.9,59,341,2,1750,4.2,46,23,8,1,8,2018,9.071360306,32560,49.91,4.1,20.32833333,49.9,4.2,36.442,49.9,4.1,32.32,23,5,49.9
52,7794.8,18.94307692,149.9,48,894,1,533,4.3,78,23,8,3,5,2018,18.97810219,4840,119.0,4.2,39.2172,149.9,4.3,18.94307692,79.8,3.5,14.41454545,10,1,149.9
6,179.4,12.51,29.9,55,388,1,250,4.5,139,22,8,4,11,2017,46.15384615,1200,23.99,4.3,12.37535714,89.99,4.1,16.99038462,58.99,3.9,15.71166667,36,6,29.9
12,248.0,12.80333333,20.66666667,56,237,3,100,3.9,38,22,9,2,10,2017,16.43835616,2304,21.54285714,4.2,13.53428571,20.66666667,3.9,12.80333333,20.66666667,3.9,12.80333333,12,2,19.9
14,698.6,33.28142857,49.9,59,341,2,1750,4.2,54,22,9,1,7,2018,8.407666985,32560,49.91,4.1,28.37333333,49.9,4.2,33.28142857,49.9,4.1,20.99,23,5,49.9
17,968.83,12.29294118,56.99,54,1536,2,250,4.3,19,22,9,2,10,2017,17.70833333,3360,56.99,4.3,12.29294118,142.5,4.4,17.15,56.99,4.3,12.29294118,42,7,56.99
3,299.97,16.54,99.99,54,1012,1,1200,4.2,102,23,8,2,1,2018,33.33333333,15750,99.99,4.2,16.54,129.99,4.3,17.41,29.5,4.4,16.53263158,13,3,99.99
13,1042.9,18.17230769,80.66666667,33,256,1,180,3.5,107,21,9,1,4,2018,7.647058824,2210,120.9230769,4.2,27.25303571,149.9,4.3,30.22742857,80.66666667,3.5,18.17230769,6,1,81.02391304
13,778.7,18.98153846,59.9,59,341,2,1850,4.3,146,22,9,2,10,2017,12.62135922,32560,59.9,4.1,18.06589744,59.9,4.2,17.59548387,59.9,4.1,16.81416667,24,5,59.9
58,2809.65,12.56344828,48.45944444,40,409,1,1110,4.2,169,22,9,1,3,2018,37.41935484,3762,23.99,4.3,14.19875,83.74,4.1,11.876875,58.99,3.9,15.228,33,6,47.35789474
11,1777.5,15.52545455,161.5909091,33,523,3,584,4.2,29,21,10,1,7,2017,10.47341115,2288,161.5909091,4.2,15.52545455,161.5909091,4.2,15.52545455,197.383,3.8,16.606,49,8,163.0
7,973.0,73.59,139.0,33,2188,2,7650,4.2,46,23,8,1,8,2018,8.974358974,8000,49.91,4.1,20.32833333,49.9,4.2,36.442,49.9,4.1,32.32,30,5,139.0
17,968.83,13.74117647,56.99,54,1536,2,250,4.3,18,21,9,1,9,2017,17.70833333,3360,56.99,4.3,13.74117647,142.5,4.4,9.19,56.99,4.3,13.74117647,42,7,56.99
3,479.97,42.03333333,159.99,59,1893,1,6550,4.2,15,22,8,1,6,2017,7.072704082,8000,159.99,4.2,42.03333333,159.99,4.2,42.03333333,159.99,4.2,42.03333333,8,1,159.94
3,479.97,33.4,159.99,59,1893,1,6550,4.2,3,20,8,2,2,2017,7.889030612,8000,159.99,4.2,33.4,159.99,4.2,33.4,159.99,4.2,33.4,8,1,159.94
3,457.9,19.17,152.6333333,35,640,1,335,4.1,93,21,9,0,6,2018,2.654867257,2992,119.0,4.2,19.20666667,105.0,4.2,23.82357143,138.22,3.8,16.108,51,8,145.1666667
7,2449.3,29.09285714,349.9,51,625,1,900,4.3,112,21,10,1,12,2017,10.9375,11400,23.99,4.3,12.45684211,89.99,4.1,15.89473684,58.99,3.9,16.33222222,37,6,322.1363636
23,2759.77,31.5826087,119.99,50,1257,1,700,4.1,159,23,8,3,5,2018,14.74358974,5700,23.99,4.3,7.988571429,79.99,4.1,21.943125,58.99,3.9,9.4225,35,6,116.5284615
23,1837.7,23.00565217,79.9,54,245,1,1383,3.9,43,21,9,0,6,2018,16.08743907,20000,79.9,3.9,23.00565217,79.9,3.9,23.00565217,39.99,4.0,13.998,1,0,83.64961538
27,4047.3,27.62666667,149.9,48,894,1,533,4.3,66,21,9,0,6,2018,9.854014599,4840,114.4911538,4.2,53.62555556,149.9,4.3,27.62666667,78.9,3.5,17.328,10,1,149.9
19,1138.1,16.11157895,59.9,59,341,2,1850,4.3,113,23,8,1,8,2017,15.47330097,32560,59.9,4.1,18.16230769,59.9,4.2,17.68111111,59.9,4.1,18.05043478,24,5,59.9
10,1590.0,54.763,159.0,33,2188,2,7650,4.2,58,21,9,0,6,2018,12.82051282,8000,49.9,4.1,19.89083333,49.9,4.2,23.25166667,49.9,4.1,22.87866667,30,5,179.0
5,299.5,16.782,59.9,57,339,2,1800,4.2,115,21,9,1,9,2017,8.620689655,32560,59.9,4.1,17.18702703,59.9,4.2,16.81176471,59.9,4.1,16.29461538,29,5,59.9
6,299.4,23.25166667,49.9,59,341,2,1750,4.2,58,21,9,0,6,2018,2.429117553,32560,49.9,4.1,19.89083333,49.9,4.2,23.25166667,49.9,4.1,22.87866667,23,5,53.70952381
6,179.4,10.115,29.9,55,388,1,250,4.5,112,21,10,1,12,2017,46.15384615,1200,23.99,4.3,12.45684211,89.99,4.1,15.89473684,58.99,3.9,16.33222222,36,6,29.9
1,99.9,21.19,99.9,57,272,1,2500,4.4,64,22,8,4,11,2017,25.0,12000,75.0,4.1,16.13272727,36.85428571,3.7,13.65214286,99.9,4.4,21.19,21,4,99.85
3,254.97,19.61,84.99,49,1495,3,600,3.8,81,22,9,2,10,2017,3.125,8151,23.99,4.3,13.13666667,89.99,4.1,16.56291667,58.99,3.9,19.06526316,32,6,84.99
6,1950.0,17.58333333,325.0,60,2644,6,400,4.2,112,21,10,1,12,2017,16.21621622,2992,23.99,4.3,12.45684211,89.99,4.1,15.89473684,58.99,3.9,16.33222222,34,6,325.0
14,1668.5,14.17285714,119.1785714,29,178,1,400,4.4,14,21,9,0,6,2018,17.07317073,4693,119.1785714,4.4,14.17285714,119.1785714,4.4,14.17285714,119.1785714,4.4,14.17285714,43,7,119.9
11,557.85,9.312727273,50.71,40,409,1,1110,4.2,127,23,8,1,8,2018,7.096774194,3762,23.99,4.3,16.77,82.82142857,4.1,12.41857143,58.99,3.9,12.08333333,33,6,51.512
26,910.0,16.25615385,35.0,57,787,8,1867,4.4,45,22,9,1,3,2018,23.00884956,7776,99.99,4.2,20.78,129.99,4.3,18.49,35.0,4.4,16.25615385,15,3,34.95
4,417.0,33.09,104.25,47,1893,1,6050,4.1,115,21,9,1,9,2017,5.194805195,8000,59.9,4.1,17.18702703,59.9,4.2,16.81176471,59.9,4.1,16.29461538,25,5,104.2
18,1799.82,15.57722222,99.99,54,995,1,4475,4.3,58,23,8,1,5,2017,24.65753425,32736,99.99,4.2,15.02090909,129.99,4.3,18.27277778,99.99,4.3,15.57722222,17,3,99.99
5,249.5,22.42,49.9,59,341,2,1850,4.3,58,21,9,0,6,2018,12.84385113,32560,49.9,4.1,19.89083333,49.9,4.2,23.25166667,49.9,4.1,22.87866667,24,5,49.9
15,576.0,14.27533333,38.4,41,789,1,950,3.8,125,23,8,2,1,2018,34.09090909,14000,69.9953271,4.1,17.66311475,38.4,3.7,9.34,99.9,4.4,22.81923077,20,4,38.4
1,45.95,15.1,45.95,39,161,2,350,4.0,57,23,8,1,5,2017,10.26739356,3800,89.9,3.9,15.01189655,215.0,4.4,8.76,45.95,4.0,15.1,0,0,45.9
22,2598.9,14.71227273,118.1318182,35,591,3,444,4.0,260,23,8,3,5,2018,30.55555556,4480,103.7925234,4.2,0.095438596,105.0,4.2,11.3772973,132.53125,3.8,15.7621875,45,8,119.19
2,479.8,11.22,239.9,35,640,1,335,4.1,43,22,9,2,10,2017,50.0,2992,134.9,4.2,6.81,239.9,4.1,11.22,232.49,3.8,14.2125,51,8,239.85
8,191.92,14.19875,23.99,48,575,1,100,4.3,169,22,9,1,3,2018,9.142857143,4500,23.99,4.3,14.19875,83.74,4.1,11.876875,58.99,3.9,15.228,41,6,23.99
4,584.77,18.27,146.6,42,363,1,922,4.2,17,21,10,1,7,2017,4.210526316,7650,139.99,4.2,48.10833333,146.6,4.2,18.27,146.6,4.2,18.27,7,1,149.8525
14,706.86,15.19642857,50.49,54,1536,2,250,4.3,18,22,9,1,3,2018,33.33333333,3360,50.49,4.3,15.19642857,117.7,4.4,15.175,50.49,4.3,15.19642857,42,7,56.99
5,390.0,10.24,78.0,59,319,4,250,3.9,260,23,8,3,5,2018,3.597122302,640,103.7925234,4.2,0.095438596,105.0,4.2,11.3772973,132.53125,3.8,15.7621875,46,8,78.0
11,1099.89,20.49090909,99.99,54,995,1,4475,4.3,42,22,8,1,6,2017,15.06849315,32736,99.99,4.2,13.82642857,129.99,4.3,17.06117647,99.99,4.3,20.49090909,17,3,99.99
7,2449.3,29.94714286,349.9,51,625,1,900,4.3,82,23,8,1,8,2017,10.36005435,11400,23.39740741,4.3,14.27678571,89.99,4.1,13.41055556,58.99,3.9,16.24090909,37,6,349.9
6,1016.95,14.95,171.792,35,591,3,444,4.0,29,21,10,1,7,2017,7.526276276,4480,161.5909091,4.2,15.52545455,171.792,4.0,14.95,197.383,3.8,16.606,45,8,157.99
7,209.3,11.50285714,29.9,55,388,1,250,4.5,131,21,9,0,6,2018,5.64516129,1200,23.99,4.3,16.27,79.99,4.1,13.36230769,58.99,3.9,16.43,36,6,29.9
17,888.3,14.38823529,52.56666667,58,340,2,1500,4.0,102,23,8,3,5,2018,7.089375555,19800,53.41515152,4.1,10.75303571,53.70952381,4.2,13.51034483,53.05789474,4.1,12.98,31,5,53.9
3,537.0,24.37,179.0,33,2188,2,7650,4.2,102,23,8,3,5,2018,3.846153846,8000,53.41515152,4.1,10.75303571,53.70952381,4.2,13.51034483,53.05789474,4.1,12.98,30,5,179.0
9,754.5,23.77666667,83.83333333,57,272,1,2500,4.4,19,23,8,1,8,2018,9.278350515,12000,103.2333333,4.1,22.3,35.0,3.7,15.628125,83.83333333,4.4,23.77666667,21,4,78.53571429
23,563.5,13.65217391,24.5,56,237,3,100,3.9,49,22,8,4,11,2017,31.50684932,2304,24.5,4.2,13.64535714,24.5,3.9,13.65217391,24.5,3.9,13.65217391,12,2,20.66666667
2,179.8,29.79,89.9,44,903,6,2600,4.1,22,22,9,1,7,2018,2.435113207,15000,89.9,4.1,29.79,35.0,3.7,17.238,78.53571429,4.4,23.84714286,19,4,89.9
5,499.95,44.232,99.99,47,1893,1,6050,4.1,54,22,9,1,7,2018,5.204951299,8000,49.91,4.1,28.37333333,49.9,4.2,33.28142857,49.9,4.1,20.99,25,5,96.65666667
7,518.0,17.25571429,74.0,54,245,1,1383,3.9,15,23,8,1,8,2018,7.887578343,20000,74.0,3.9,17.25571429,74.0,3.9,17.25571429,39.24,4.0,16.33375,1,0,77.93333333
1,32.5,11.85,32.5,56,237,3,100,3.9,6,20,8,2,2,2018,4.166666667,2304,32.5,4.2,15.256,32.5,3.9,11.85,32.5,3.9,11.85,12,2,27.03333333
28,9240.0,20.50535714,330.0,60,2644,6,400,4.2,127,23,8,1,8,2018,16.9688676,2992,23.99,4.3,16.77,82.82142857,4.1,12.41857143,58.99,3.9,12.08333333,34,6,330.0
1,139.9,18.86,139.9,35,591,3,444,4.0,93,21,9,0,6,2018,4.072822823,4480,119.0,4.2,19.20666667,105.0,4.2,23.82357143,138.22,3.8,16.108,45,8,118.1318182
4,398.0,41.54,99.5,36,450,1,9000,4.1,137,23,8,2,1,2018,50.0,19656,49.9,4.1,19.495,49.9,4.2,15.84103448,49.9,4.1,16.50512821,27,5,99.0
11,328.9,11.43454545,29.9,55,388,1,250,4.5,169,22,9,1,3,2018,8.870967742,1200,23.99,4.3,14.19875,83.74,4.1,11.876875,58.99,3.9,15.228,36,6,29.9
11,1302.0,15.48,118.3636364,33,523,3,584,4.2,122,22,9,1,7,2018,10.47341115,2288,118.3636364,4.2,15.48,105.0,4.2,24.93875,155.0,3.8,16.47,49,8,119.0
4,183.8,14.2875,45.95,39,161,2,350,4.0,90,23,8,1,8,2017,9.293873313,3800,89.9,3.9,14.65675676,199.5098039,4.4,19.41288462,45.95,4.0,14.2875,0,0,45.95
10,799.9,16.745,79.99,59,492,3,250,4.1,113,22,9,1,7,2018,10.24669657,3960,23.99,4.3,18.81,79.99,4.1,16.745,58.99,3.9,7.67,40,6,79.99
26,1741.74,30.24153846,66.99,50,1257,1,350,3.9,131,21,9,0,6,2018,17.33333333,2964,23.99,4.3,16.27,79.99,4.1,13.36230769,58.99,3.9,16.43,38,6,64.99
9,584.91,17.26222222,64.99,59,492,2,200,3.9,25,23,8,1,3,2017,11.5,3960,19.99,4.3,13.81888889,89.99,4.1,13.02,64.99,3.9,17.26222222,39,6,64.99
7,599.93,21.97142857,85.70428571,54,1012,1,1200,4.2,7,20,8,2,2,2017,8.708708709,15750,85.70428571,4.2,21.97142857,85.70428571,4.2,21.97142857,85.70428571,4.2,21.97142857,13,3,85.65428571
10,350.0,17.238,35.0,49,829,1,850,3.7,22,22,9,1,7,2018,5.93883357,10000,89.9,4.1,29.79,35.0,3.7,17.238,78.53571429,4.4,23.84714286,18,4,35.0
22,657.8,9.772727273,29.9,55,388,1,250,4.5,159,23,8,3,5,2018,17.74193548,1200,23.99,4.3,7.988571429,79.99,4.1,21.943125,58.99,3.9,9.4225,36,6,29.9
5,694.9,23.162,138.98,35,591,3,444,4.0,122,22,9,1,7,2018,7.526276276,4480,118.3636364,4.2,15.48,105.0,4.2,24.93875,155.0,3.8,16.47,45,8,139.9
7,735.0,30.04,102.5,58,1893,1,5950,4.3,115,21,9,1,9,2017,7.142857143,8000,59.9,4.1,17.18702703,59.9,4.2,16.81176471,59.9,4.1,16.29461538,22,5,120.0
7,229.2,14.02714286,32.74285714,56,237,3,100,3.9,13,22,9,1,3,2018,29.16666667,2304,32.5,4.2,18.05666667,32.74285714,3.9,14.02714286,32.74285714,3.9,14.02714286,12,2,32.5
14,1188.6,17.975,84.9,55,312,1,1550,3.3,43,21,9,0,6,2018,18.91891892,20944,79.9,3.9,23.00565217,84.9,3.3,17.975,39.99,4.0,13.998,2,0,88.24
14,1235.36,9.212857143,88.24,55,312,1,1550,3.3,57,23,8,3,5,2018,18.91891892,20944,83.64961538,3.9,16.78038462,88.24,3.3,9.212857143,39.99,4.0,10.25631579,2,0,90.875
28,2940.0,23.82357143,105.0,58,3006,2,1000,4.2,93,21,9,0,6,2018,14.07035176,7632,119.0,4.2,19.20666667,105.0,4.2,23.82357143,138.22,3.8,16.108,47,8,105.0
8,759.92,33.71,96.65666667,47,1893,1,6050,4.1,17,20,10,2,4,2017,10.66355519,8000,96.65666667,4.1,33.71,96.65666667,4.1,33.71,96.65666667,4.1,33.71,25,5,99.99
3,176.97,12.08333333,58.99,59,492,2,200,3.9,127,23,8,1,8,2018,8.964285714,3960,23.99,4.3,16.77,82.82142857,4.1,12.41857143,58.99,3.9,12.08333333,39,6,58.99
6,205.2,15.015,34.2,56,237,3,100,3.9,13,21,9,1,4,2018,25.0,2304,35.05714286,4.2,12.98571429,34.2,3.9,15.015,34.2,3.9,15.015,12,2,32.74285714
5,299.5,15.978,59.9,59,341,2,1850,4.3,26,22,8,1,6,2017,12.84385113,32560,59.9,4.1,17.67,59.9,4.2,16.26,59.9,4.3,15.978,24,5,59.9
9,899.91,18.51888889,99.99,54,995,1,4475,4.3,33,22,9,2,10,2017,12.32876712,32736,99.99,4.2,16.95,119.99,4.3,19.997,99.99,4.3,18.51888889,17,3,99.99
10,890.0,39.156,89.0,36,450,1,9000,4.1,74,21,10,1,7,2017,9.523809524,19656,59.9,4.1,16.62642857,59.9,4.2,16.11157895,59.9,4.1,15.39230769,27,5,89.0
24,575.76,16.12,23.99,48,575,1,100,4.3,89,21,9,1,9,2017,10.66666667,4500,23.99,4.3,16.12,89.99,4.1,13.96428571,58.99,3.9,15.6392,41,6,23.39740741
26,2339.74,16.99038462,89.99,59,492,3,250,4.1,139,22,8,4,11,2017,17.80821918,3960,23.99,4.3,12.37535714,89.99,4.1,16.99038462,58.99,3.9,15.71166667,40,6,89.99
7,735.0,23.38571429,105.0,58,3006,2,1000,4.2,61,23,8,1,8,2018,3.51758794,7632,112.0,4.2,13.44,105.0,4.2,23.38571429,145.5509091,3.8,21.89727273,47,8,105.0
28,2179.0,13.09035714,77.82142857,59,319,4,250,3.9,61,23,8,1,8,2018,21.97670435,640,112.0,4.2,13.44,105.0,4.2,23.38571429,145.5509091,3.8,21.89727273,46,8,78.0
8,2799.2,22.90125,349.9,51,625,1,900,4.3,9,22,9,1,1,2017,12.77173913,11400,349.9,4.3,22.90125,349.9,4.3,22.90125,64.99,3.9,11.06,37,6,349.85
2,119.8,17.67,59.9,59,341,2,1850,4.3,34,23,8,1,5,2017,9.30420712,32560,59.9,4.1,19.7325,59.9,4.2,26.24666667,59.9,4.3,17.67,24,5,59.9
23,1377.7,18.05043478,59.9,57,366,2,1650,4.1,113,23,8,1,8,2017,7.387028177,19800,59.9,4.1,18.16230769,59.9,4.2,17.68111111,59.9,4.1,18.05043478,26,5,59.9
16,2206.4,36.021875,137.9,42,363,1,922,4.2,31,22,9,2,10,2017,16.84210526,7650,154.6958824,4.2,43.88117647,137.9,4.2,36.021875,137.9,4.2,36.021875,7,1,138.59
6,239.94,15.23,39.99,39,161,2,350,4.0,41,21,10,1,12,2017,16.66666667,3800,88.48823529,3.9,18.89833333,39.99,4.0,15.23,39.99,4.0,15.23,0,0,40.53181818
3,398.91,14.59666667,132.97,42,363,1,922,4.2,202,20,8,2,2,2018,37.5,7650,149.0,4.2,41.16322581,149.9,4.3,26.55289855,78.7122807,3.5,14.53591549,7,1,133.0
6,680.0,50.19333333,113.3333333,47,1893,1,6050,4.1,116,22,9,1,3,2018,11.83035714,8000,53.9,4.1,20.35967742,53.9,4.2,21.85285714,53.9,4.1,19.02423077,25,5,120.0
38,2469.62,24.77447368,64.99,50,1257,1,350,3.9,159,23,8,3,5,2018,25.33333333,2964,23.99,4.3,7.988571429,79.99,4.1,21.943125,58.99,3.9,9.4225,38,6,64.99
1,78.0,17.98,78.0,59,319,4,250,3.9,6,23,8,1,3,2017,2.740664611,640,78.0,3.9,17.98,78.0,3.9,17.98,241.006,3.8,21.318,46,8,77.95
45,3465.8,11.51311111,77.155,33,300,1,207,3.5,202,20,8,2,2,2018,36.29032258,2926,149.0,4.2,41.16322581,149.9,4.3,26.55289855,78.7122807,3.5,14.53591549,9,1,93.09489362
9,477.1,16.46,52.9,57,339,2,1800,4.2,102,23,8,3,5,2018,8.756805808,32560,53.41515152,4.1,10.75303571,53.70952381,4.2,13.51034483,53.05789474,4.1,12.98,29,5,53.9
13,258.7,13.47307692,19.9,49,100,4,150,4.2,13,21,10,1,7,2017,7.59180791,2304,19.9,4.2,13.47307692,19.9,3.9,11.85,19.9,4.2,13.47307692,11,2,19.85
11,3836.8,16.10272727,348.8,46,501,4,363,3.7,73,21,10,1,12,2017,33.33333333,3042,149.0,4.2,19.1,108.0,4.2,16.65384615,185.96,3.8,18.686,50,8,345.7066667
10,569.9,12.215,56.99,54,1536,2,250,4.3,15,23,8,2,1,2018,23.80952381,3360,56.99,4.3,12.215,117.9,4.4,14.03833333,56.99,4.3,12.215,42,7,56.99
12,4198.8,28.41416667,349.9,51,625,1,900,4.3,98,23,8,2,1,2018,12.77173913,11400,23.99,4.3,11.28736842,89.99,4.1,14.811,58.99,3.9,22.67833333,37,6,349.9
32,5222.36,24.3246875,163.3987097,56,162,5,9750,4.4,54,21,9,1,9,2017,20.77922078,12600,89.9,3.9,18.77652174,163.3987097,4.4,24.3246875,45.95,4.0,15.1,4,0,199.5098039
44,3300.0,16.13272727,75.0,44,903,6,2600,4.1,64,22,8,4,11,2017,38.59649123,15000,75.0,4.1,16.13272727,36.85428571,3.7,13.65214286,99.9,4.4,21.19,19,4,75.0
3,539.97,36.64333333,179.99,33,2188,2,7650,4.2,17,20,10,2,4,2017,10.80128205,8000,179.99,4.2,36.64333333,179.99,4.2,36.64333333,179.99,4.2,36.64333333,30,5,179.94
6,299.4,20.99,49.9,57,339,2,1800,4.2,54,22,9,1,7,2018,8.711433757,32560,49.91,4.1,28.37333333,49.9,4.2,33.28142857,49.9,4.1,20.99,29,5,49.9
13,259.87,18.03846154,19.99,48,575,1,100,4.3,23,20,10,2,4,2017,5.777777778,4500,19.99,4.3,18.03846154,19.99,4.3,18.03846154,64.99,3.9,15.16888889,41,6,19.99
24,1415.76,15.71166667,58.99,59,492,2,200,3.9,139,22,8,4,11,2017,13.71428571,3960,23.99,4.3,12.37535714,89.99,4.1,16.99038462,58.99,3.9,15.71166667,39,6,58.99
20,1078.0,20.563,53.9,58,340,2,1500,4.0,111,21,9,1,4,2018,7.139686298,19800,53.9,4.1,5.28173913,53.9,4.2,19.46846154,53.9,4.1,19.07142857,31,5,53.9
2,699.8,24.505,349.9,51,625,1,900,4.3,53,22,8,1,6,2017,7.54076087,11400,19.99,4.3,12.68333333,89.99,4.1,14.16333333,58.79952381,3.9,13.90333333,37,6,349.9
8,399.2,29.78625,49.9,58,340,2,1500,4.0,58,21,9,0,6,2018,3.498076354,19800,49.9,4.1,19.89083333,49.9,4.2,23.25166667,49.9,4.1,22.87866667,31,5,52.56666667
11,2250.8,17.02545455,204.6181818,35,640,1,335,4.1,90,20,8,2,2,2018,9.734513274,2992,128.2416667,4.2,15.92666667,108.0,4.2,18.25363636,182.0,3.8,19.33,51,8,229.9
33,1723.08,10.63121212,52.06928571,40,409,1,1110,4.2,159,23,8,3,5,2018,21.29032258,3762,23.99,4.3,7.988571429,79.99,4.1,21.943125,58.99,3.9,9.4225,33,6,53.70176471
1,99.99,13.72,99.99,54,1012,1,1200,4.2,20,20,8,2,2,2018,8.708708709,15750,99.99,4.2,13.72,129.99,4.3,16.71,99.99,4.2,13.72,13,3,99.99
7,2449.3,25.64142857,349.9,51,625,1,900,4.3,118,21,9,1,4,2018,4.585597826,11400,349.9,4.3,25.64142857,79.99,4.1,14.485,58.99,3.9,16.30272727,37,6,349.9
36,1828.4,17.51944444,50.9,59,341,2,1750,4.2,160,20,8,2,2,2018,20.93023256,32560,50.54516129,4.1,16.61153846,50.9,4.2,17.51944444,50.35714286,4.1,18.281875,23,5,49.9
7,245.4,12.98571429,35.05714286,49,100,4,150,4.2,13,21,9,1,4,2018,29.16666667,2304,35.05714286,4.2,12.98571429,34.2,3.9,15.015,35.05714286,4.2,12.98571429,11,2,32.5
17,2629.83,43.88117647,154.6958824,59,1893,1,6550,4.2,31,22,9,2,10,2017,17.70833333,8000,154.6958824,4.2,43.88117647,154.6958824,4.2,43.88117647,154.6958824,4.2,43.88117647,8,1,151.99
17,1987.4,17.79058824,116.9066667,29,178,1,400,4.4,19,23,8,1,8,2018,12.44918699,4693,49.99,4.3,12.28,116.9066667,4.4,17.79058824,116.9066667,4.4,17.79058824,43,7,118.7
10,589.9,15.228,58.99,59,492,2,200,3.9,169,22,9,1,3,2018,11.5,3960,23.99,4.3,14.19875,83.74,4.1,11.876875,58.99,3.9,15.228,39,6,58.99
37,3885.0,11.3772973,105.0,58,3006,2,1000,4.2,260,23,8,3,5,2018,18.59296482,7632,103.7925234,4.2,0.095438596,105.0,4.2,11.3772973,132.53125,3.8,15.7621875,47,8,105.0
4,399.96,16.1875,99.99,54,1012,1,1200,4.2,42,22,8,4,11,2017,3.603603604,15750,99.99,4.2,16.1875,129.99,4.3,22.67444444,99.99,4.2,16.1875,13,3,99.99
31,1856.9,17.59548387,59.9,59,341,2,1750,4.2,146,22,9,2,10,2017,14.15525114,32560,59.9,4.1,18.06589744,59.9,4.2,17.59548387,59.9,4.1,16.81416667,23,5,59.9
21,1889.79,13.96428571,89.99,59,492,3,250,4.1,89,21,9,1,9,2017,14.38356164,3960,23.99,4.3,16.12,89.99,4.1,13.96428571,58.99,3.9,15.6392,40,6,89.99
6,528.0,17.55333333,88.0,33,300,1,207,3.5,127,22,9,1,3,2018,4.838709677,2926,136.1428571,4.2,48.0475,149.9,4.3,28.47588235,81.02391304,3.5,18.22148148,9,1,77.155
9,179.91,13.81888889,19.99,48,575,1,100,4.3,25,23,8,1,3,2017,9.142857143,4500,19.99,4.3,13.81888889,89.99,4.1,13.02,64.99,3.9,17.26222222,41,6,19.99
9,584.91,15.16888889,64.99,59,492,2,200,3.9,23,20,10,2,4,2017,12.39285714,3960,19.99,4.3,18.03846154,64.99,3.9,15.16888889,64.99,3.9,15.16888889,39,6,64.99
17,2209.83,17.06117647,129.99,33,897,1,1600,4.3,42,22,8,1,6,2017,15.31531532,15750,99.99,4.2,13.82642857,129.99,4.3,17.06117647,129.99,4.3,17.06117647,14,3,129.99
5,925.0,14.74,185.0,35,514,2,4338,3.8,17,22,8,1,6,2017,9.821910416,2856,163.0,4.2,14.265,185.0,3.8,14.74,185.0,3.8,14.74,44,8,184.95
17,595.0,13.46941176,35.0,49,829,1,850,3.7,92,21,9,1,4,2018,17.89473684,10000,69.9,4.1,9.071566265,35.0,3.7,13.46941176,99.9,4.4,23.32769231,18,4,35.48571429
4,1399.6,26.73,349.9,51,625,1,900,4.3,41,23,8,1,5,2017,8.559782609,11400,19.99,4.3,14.8475,89.99,4.1,16.09833333,64.99,3.9,14.811875,37,6,349.9
2,259.98,16.71,129.99,33,897,1,1600,4.3,20,20,8,2,2,2018,25.0,15750,99.99,4.2,13.72,129.99,4.3,16.71,129.99,4.3,16.71,14,3,129.99
13,1298.7,19.41076923,99.9,57,272,1,2500,4.4,95,23,8,3,5,2018,13.40206186,12000,69.9,4.1,3.801630435,35.0,3.7,14.63454545,99.9,4.4,19.41076923,21,4,99.9
3,179.7,26.24666667,59.9,59,341,2,1750,4.2,34,23,8,1,5,2017,9.115164065,32560,59.9,4.1,19.7325,59.9,4.2,26.24666667,59.9,4.2,26.24666667,23,5,59.85
8,411.2,14.08375,51.4,57,339,2,1800,4.2,160,20,8,2,2,2018,14.03508772,32560,50.54516129,4.1,16.61153846,50.9,4.2,17.51944444,50.35714286,4.1,18.281875,29,5,49.9
1,38.4,11.85,38.4,41,789,1,950,3.8,14,23,8,1,8,2017,2.079759863,14000,75.0,4.1,15.37692308,38.4,3.7,12.105,38.4,3.8,11.85,20,4,38.35
32,1421.67,13.95875,44.15444444,38,735,5,800,4.2,97,22,8,4,11,2017,43.83561644,8000,89.9,3.9,16.294,44.15444444,4.2,13.95875,40.53181818,4.0,15.83272727,3,0,45.9
2,459.8,16.36,229.9,35,640,1,335,4.1,59,23,8,2,1,2018,1.769911504,2992,229.9,4.1,16.36,108.0,4.2,16.19636364,199.0,3.8,21.88,51,8,229.85
3,234.0,12.13333333,78.0,59,319,4,250,3.9,43,22,9,2,10,2017,14.28571429,640,134.9,4.2,6.81,78.0,3.9,12.13333333,232.49,3.8,14.2125,46,8,77.95
8,1188.0,14.165,148.5,35,591,3,444,4.0,59,23,8,2,1,2018,11.11111111,4480,148.5,4.0,14.165,108.0,4.2,16.19636364,199.0,3.8,21.88,45,8,149.0
9,1169.91,22.67444444,129.99,33,897,1,1600,4.3,42,22,8,4,11,2017,8.108108108,15750,99.99,4.2,16.1875,129.99,4.3,22.67444444,129.99,4.3,22.67444444,14,3,119.99
3,71.97,18.81,23.99,48,575,1,100,4.3,113,22,9,1,7,2018,9.123015873,4500,23.99,4.3,18.81,79.99,4.1,16.745,58.99,3.9,7.67,41,6,23.99
76,2242.0,16.53263158,29.5,57,787,8,1867,4.4,102,23,8,2,1,2018,67.25663717,7776,99.99,4.2,16.54,129.99,4.3,17.41,29.5,4.4,16.53263158,15,3,29.45
8,792.0,16.35375,99.0,55,312,1,1550,3.3,50,22,9,2,10,2017,21.62162162,20944,89.9,3.9,21.57214286,99.0,3.3,16.35375,45.95,4.0,15.1,2,0,98.95
2,91.9,15.1,45.95,39,161,2,350,4.0,54,21,9,1,9,2017,5.555555556,3800,89.9,3.9,18.77652174,163.3987097,4.4,24.3246875,45.95,4.0,15.1,0,0,45.95
21,6930.0,17.30904762,330.0,60,2644,6,400,4.2,118,21,9,1,4,2018,13.29113924,2992,330.0,4.2,17.30904762,79.99,4.1,14.485,58.99,3.9,16.30272727,34,6,325.8928571
1,38.4,7.78,38.4,49,829,1,850,3.7,5,21,10,1,7,2017,5.93883357,10000,75.0,4.1,15.856,38.4,3.7,7.78,38.4,3.7,7.78,18,4,38.35
16,3459.0,29.476875,216.1875,42,236,1,342,4.1,125,22,9,1,3,2018,20.77922078,3510,117.4412903,4.2,18.26129032,105.6428571,4.2,21.6652381,151.8784375,3.8,20.31375,48,8,205.6857143
6,230.4,13.5,38.4,41,789,1,950,3.8,7,21,9,1,9,2017,11.32075472,14000,38.4,3.8,13.5,38.4,3.7,17.95,38.4,3.8,13.5,20,4,38.4
3,137.85,15.1,45.95,39,161,2,350,4.0,50,22,9,2,10,2017,8.333333333,3800,89.9,3.9,21.57214286,45.95,4.0,15.1,45.95,4.0,15.1,0,0,45.95
44,2468.6,17.26727273,55.75,57,366,2,1650,4.1,184,21,10,1,12,2017,22.22222222,19800,55.1,4.1,15.75960784,55.425,4.2,19.184375,55.75,4.1,17.26727273,26,5,53.78571429
13,1404.0,16.65384615,108.0,58,3006,2,1000,4.2,73,21,10,1,12,2017,50.0,7632,149.0,4.2,19.1,108.0,4.2,16.65384615,185.96,3.8,18.686,47,8,108.0
7,579.75,12.41857143,82.82142857,59,492,3,250,4.1,127,23,8,1,8,2018,9.261728694,3960,23.99,4.3,16.77,82.82142857,4.1,12.41857143,58.99,3.9,12.08333333,40,6,79.99
2,156.0,7.8,78.0,59,319,4,250,3.9,91,22,8,4,11,2017,9.523809524,640,133.0,4.2,19.91666667,108.0,4.2,15.90846154,174.4333333,3.8,20.99277778,46,8,78.0
6,1847.0,18.22333333,307.8333333,46,501,4,363,3.7,125,22,9,1,3,2018,6.666666667,3042,117.4412903,4.2,18.26129032,105.6428571,4.2,21.6652381,151.8784375,3.8,20.31375,50,8,347.0
9,891.0,39.01888889,99.0,36,450,1,9000,4.1,115,21,9,1,9,2017,8.571428571,19656,59.9,4.1,17.18702703,59.9,4.2,16.81176471,59.9,4.1,16.29461538,27,5,97.33333333
15,2715.7,18.75466667,178.0571429,42,363,1,922,4.2,11,23,8,1,5,2017,15.78947368,7650,178.0571429,4.2,18.75466667,178.0571429,4.2,18.75466667,178.0571429,4.2,18.75466667,7,1,178.0071429
85,8961.49,2.181647059,105.648625,33,523,3,584,4.2,178,21,9,1,4,2018,33.07392996,2288,105.648625,4.2,2.181647059,105.0,4.2,13.63142857,150.1333333,3.8,19.44777778,49,8,117.4412903
4,140.0,14.845,35.0,57,787,8,1867,4.4,18,21,9,1,4,2018,3.539823009,7776,89.86333333,4.2,19.87666667,129.99,4.3,23.49,35.0,4.4,14.845,15,3,35.0
18,2762.5,14.04111111,148.7785714,33,523,3,584,4.2,54,21,9,1,9,2017,27.27272727,2288,148.7785714,4.2,14.04111111,148.7785714,4.2,14.04111111,164.57,3.8,19.528,49,8,160.6692308
2,310.0,16.47,155.0,35,514,2,4338,3.8,122,22,9,1,7,2018,6.799784134,2856,118.3636364,4.2,15.48,105.0,4.2,24.93875,155.0,3.8,16.47,44,8,138.22
1,29.5,11.73,29.5,57,787,8,1867,4.4,10,21,9,1,9,2017,100.0,7776,99.99,4.2,15.93333333,29.5,4.4,11.73,29.5,4.4,11.73,15,3,29.45
14,2043.92,15.12928571,145.9942857,35,591,3,444,4.0,90,20,8,2,2,2018,19.44444444,4480,128.2416667,4.2,15.92666667,108.0,4.2,18.25363636,182.0,3.8,19.33,45,8,148.5
15,2247.72,21.70066667,149.8525,42,363,1,922,4.2,15,22,8,1,6,2017,15.78947368,7650,159.99,4.2,42.03333333,149.8525,4.2,21.70066667,149.8525,4.2,21.70066667,7,1,178.0571429
6,593.4,16.14,98.9,45,236,1,173,4.0,36,22,8,4,11,2017,16.21621622,2808,149.99,4.2,42.51722222,98.9,4.0,16.14,109.9,3.5,15.52,5,1,98.9
58,5214.2,15.01189655,89.9,54,245,1,1383,3.9,57,23,8,1,5,2017,18.23424443,20000,89.9,3.9,15.01189655,215.0,4.4,8.76,45.95,4.0,15.1,1,0,89.9
6,539.94,16.09833333,89.99,59,492,3,250,4.1,41,23,8,1,5,2017,9.134440538,3960,19.99,4.3,14.8475,89.99,4.1,16.09833333,64.99,3.9,14.811875,40,6,89.94
13,2170.87,25.28615385,166.99,40,1456,1,2425,3.8,102,23,8,2,1,2018,34.21052632,16530,99.99,4.2,16.54,129.99,4.3,17.41,29.5,4.4,16.53263158,16,3,166.99
19,872.1,14.18210526,45.9,38,735,5,800,4.2,62,23,8,2,1,2018,32.75862069,8000,86.9,3.9,19.38352941,45.9,4.2,14.18210526,39.99,4.0,16.53368421,3,0,45.9
5,199.95,13.998,39.99,39,161,2,350,4.0,43,21,9,0,6,2018,6.503115265,3800,79.9,3.9,23.00565217,39.99,4.0,13.998,39.99,4.0,13.998,0,0,39.99
2,107.8,62.27,53.9,59,341,2,1850,4.3,116,22,9,1,3,2018,8.333333333,32560,53.9,4.1,20.35967742,53.9,4.2,21.85285714,53.9,4.1,19.02423077,24,5,51.23333333
11,876.9,14.41454545,79.8,33,256,1,180,3.5,78,23,8,3,5,2018,6.470588235,2210,119.0,4.2,39.2172,149.9,4.3,18.94307692,79.8,3.5,14.41454545,6,1,80.66666667
1,109.9,15.52,109.9,33,256,1,180,3.5,36,22,8,4,11,2017,7.692307692,2210,149.99,4.2,42.51722222,109.9,3.5,15.52,109.9,3.5,15.52,6,1,109.85
19,1138.1,16.11157895,59.9,59,341,2,1750,4.2,74,21,10,1,7,2017,8.407666985,32560,59.9,4.1,16.62642857,59.9,4.2,16.11157895,59.9,4.1,15.39230769,23,5,59.9
29,1331.1,13.88241379,45.9,38,735,5,800,4.2,50,22,9,2,10,2017,39.7260274,8000,89.9,3.9,21.57214286,45.9,4.2,13.88241379,45.95,4.0,15.1,3,0,45.85
2,359.98,26.88,179.99,33,2188,2,7650,4.2,115,21,9,1,9,2017,5.0,8000,59.9,4.1,17.18702703,59.9,4.2,16.81176471,59.9,4.1,16.29461538,30,5,179.94
8,1839.2,15.14125,229.9,42,236,1,342,4.1,48,23,8,1,8,2017,12.12121212,3510,160.6692308,4.2,15.18538462,229.9,4.1,15.14125,179.9,3.8,14.92666667,48,8,229.85
4,235.96,9.4225,58.99,59,492,2,200,3.9,159,23,8,3,5,2018,8.142857143,3960,23.99,4.3,7.988571429,79.99,4.1,21.943125,58.99,3.9,9.4225,39,6,58.99
60,5394.0,13.99383333,89.9,54,245,1,1383,3.9,123,21,10,1,7,2017,12.26279596,20000,89.9,3.9,13.99383333,205.0,4.4,22.1959322,45.95,4.0,14.84,1,0,89.9
3,766.83,21.22666667,255.61,35,514,2,4338,3.8,3,20,10,2,4,2017,5.893146249,2856,255.61,3.8,21.22666667,255.61,3.8,21.22666667,255.61,3.8,21.22666667,44,8,241.006
13,975.0,15.37692308,75.0,44,903,6,2600,4.1,14,23,8,1,8,2017,6.064950512,15000,75.0,4.1,15.37692308,38.4,3.7,12.105,75.0,4.1,15.37692308,19,4,75.0
91,4769.7,17.06747253,52.40694444,56,348,2,1550,4.1,339,22,8,4,11,2017,32.97101449,19800,52.40694444,4.1,17.06747253,53.64828125,4.2,16.07586207,53.78571429,4.1,18.27550725,28,5,59.9
14,838.6,16.62642857,59.9,56,348,2,1550,4.1,74,21,10,1,7,2017,3.978539576,19800,59.9,4.1,16.62642857,59.9,4.2,16.11157895,59.9,4.1,15.39230769,28,5,59.9
9,899.91,19.08111111,99.99,54,995,1,4475,4.3,20,20,8,2,2,2018,37.5,32736,99.99,4.2,13.72,129.99,4.3,16.71,99.99,4.3,19.08111111,17,3,99.99
4,203.6,33.525,51.23333333,59,341,2,1850,4.3,160,20,8,2,2,2018,16.66666667,32560,50.54516129,4.1,16.61153846,50.9,4.2,17.51944444,50.35714286,4.1,18.281875,24,5,49.9
17,1619.93,41.08941176,95.29,58,1893,1,5950,4.3,146,22,9,2,10,2017,17.34693878,8000,59.9,4.1,18.06589744,59.9,4.2,17.59548387,59.9,4.1,16.81416667,22,5,102.5
87,4712.19,16.07586207,53.64828125,59,341,2,1750,4.2,339,22,8,4,11,2017,39.7260274,32560,52.40694444,4.1,17.06747253,53.64828125,4.2,16.07586207,53.78571429,4.1,18.27550725,23,5,59.9
2,199.98,21.17,99.99,54,995,1,4475,4.3,33,20,10,2,4,2017,9.703196347,32736,99.99,4.2,14.20235294,129.99,4.3,17.39642857,99.99,4.3,21.17,17,3,99.94
6,419.4,32.68,69.9,36,450,1,9000,4.1,21,23,8,1,3,2017,9.107142857,19656,69.9,4.1,32.68,69.9,4.1,32.68,69.9,4.1,32.68,27,5,69.85
29,579.71,11.13517241,19.99,48,575,1,100,4.3,61,21,10,1,7,2017,9.123015873,4500,19.99,4.3,11.13517241,89.99,4.1,12.11882353,59.25666667,3.9,17.998,41,6,19.99
10,2207.7,20.496,220.77,42,236,1,342,4.1,59,23,8,2,1,2018,12.98701299,3510,220.77,4.1,20.496,108.0,4.2,16.19636364,199.0,3.8,21.88,48,8,224.5428571
4,199.96,12.28,49.99,54,1536,2,250,4.3,19,23,8,1,8,2018,8.407738095,3360,49.99,4.3,12.28,116.9066667,4.4,17.79058824,49.99,4.3,12.28,42,7,49.99
40,3596.0,16.294,89.9,54,245,1,1383,3.9,97,22,8,4,11,2017,11.14206128,20000,89.9,3.9,16.294,89.9,3.9,16.294,40.53181818,4.0,15.83272727,1,0,89.9
32,4241.0,15.7621875,132.53125,35,514,2,4338,3.8,260,23,8,3,5,2018,29.35779817,2856,103.7925234,4.2,0.095438596,105.0,4.2,11.3772973,132.53125,3.8,15.7621875,44,8,150.1333333
1,19.9,11.85,19.9,56,237,3,100,3.9,13,21,10,1,7,2017,1.369863014,2304,19.9,4.2,13.47307692,19.9,3.9,11.85,19.9,3.9,11.85,12,2,19.85
1,349.9,29.3,349.9,51,625,1,900,4.3,61,21,10,1,7,2017,6.75951087,11400,19.99,4.3,11.13517241,89.99,4.1,12.11882353,59.25666667,3.9,17.998,37,6,349.9
31,4619.0,41.16322581,149.0,59,1893,1,6550,4.2,202,20,8,2,2,2018,7.889030612,8000,149.0,4.2,41.16322581,149.9,4.3,26.55289855,78.7122807,3.5,14.53591549,8,1,156.5113514
5,375.0,15.856,75.0,44,903,6,2600,4.1,5,21,10,1,7,2017,2.435113207,15000,75.0,4.1,15.856,38.4,3.7,7.78,75.0,4.1,15.856,19,4,74.95
4,227.96,18.4525,56.99,54,1536,2,250,4.3,4,22,8,1,6,2017,4.166666667,3360,56.99,4.3,18.4525,56.99,4.3,18.4525,56.99,4.3,18.4525,42,7,56.94
6,468.0,19.69166667,78.0,59,319,4,250,3.9,73,21,10,1,12,2017,28.57142857,640,149.0,4.2,19.1,108.0,4.2,16.65384615,185.96,3.8,18.686,46,8,78.0
11,1911.89,23.95454545,173.8081818,40,1456,1,2425,3.8,45,22,9,1,3,2018,28.94736842,16530,99.99,4.2,20.78,129.99,4.3,18.49,35.0,4.4,16.25615385,16,3,176.99
3,479.97,33.4,159.99,59,1893,1,6550,4.2,3,23,8,1,3,2017,10.54209184,8000,159.99,4.2,33.4,159.99,4.2,33.4,159.99,4.2,33.4,8,1,159.99
10,3499.0,22.84,349.9,51,625,1,900,4.3,81,22,9,2,10,2017,15.625,11400,23.99,4.3,13.13666667,89.99,4.1,16.56291667,58.99,3.9,19.06526316,37,6,349.9
12,460.8,17.95,38.4,49,829,1,850,3.7,7,21,9,1,9,2017,16.21621622,10000,38.4,3.7,17.95,38.4,3.7,17.95,38.4,3.7,17.95,18,4,38.4
39,1970.1,16.61153846,50.54516129,56,348,2,1550,4.1,160,20,8,2,2,2018,18.75,19800,50.54516129,4.1,16.61153846,50.9,4.2,17.51944444,50.35714286,4.1,18.281875,28,5,49.9
28,1509.2,19.07142857,53.9,57,366,2,1650,4.1,111,21,9,1,4,2018,14.73684211,19800,53.9,4.1,5.28173913,53.9,4.2,19.46846154,53.9,4.1,19.07142857,26,5,53.9
1,167.0,14.92,167.0,33,300,1,207,3.5,31,22,9,2,10,2017,33.33333333,2926,154.6958824,4.2,43.88117647,167.0,3.5,14.92,167.0,3.5,14.92,9,1,166.95
3,108.6,15.87,36.2,49,100,4,150,4.2,3,23,8,3,5,2018,12.5,2304,36.2,4.2,15.87,36.2,4.2,15.87,36.2,4.2,15.87,11,2,35.05714286
17,601.8,15.44823529,35.48571429,49,829,1,850,3.7,83,22,9,1,3,2018,17.89473684,10000,69.9,4.1,18.42507692,35.48571429,3.7,15.44823529,99.9,4.4,22.14583333,18,4,38.4
18,2482.2,39.39888889,137.9,42,363,1,922,4.2,36,22,8,4,11,2017,18.94736842,7650,149.99,4.2,42.51722222,137.9,4.2,39.39888889,109.9,3.5,15.52,7,1,137.9
92,6430.8,3.801630435,69.9,44,903,6,2600,4.1,95,23,8,3,5,2018,22.27602906,15000,69.9,4.1,3.801630435,35.0,3.7,14.63454545,99.9,4.4,19.41076923,19,4,69.9
31,2795.14,14.08322581,90.534,45,236,1,173,4.0,152,23,8,2,1,2018,30.39215686,2808,156.5113514,4.2,36.8072093,150.3545455,4.3,22.54772727,97.6425,3.5,14.84655172,5,1,98.9
19,1138.1,16.03052632,59.9,58,340,2,1500,4.0,74,21,10,1,7,2017,7.261023972,19800,59.9,4.1,16.62642857,59.9,4.2,16.11157895,59.9,4.1,15.39230769,31,5,59.9
5,1735.0,17.176,347.0,46,501,4,363,3.7,90,20,8,2,2,2018,5.555555556,3042,128.2416667,4.2,15.92666667,108.0,4.2,18.25363636,182.0,3.8,19.33,50,8,339.9
122,8538.0,17.66311475,69.9953271,44,903,6,2600,4.1,125,23,8,2,1,2018,29.53995157,15000,69.9953271,4.1,17.66311475,38.4,3.7,9.34,99.9,4.4,22.81923077,19,4,75.0
16,734.4,12.1725,45.9,38,735,5,800,4.2,62,20,8,2,2,2018,27.5862069,8000,86.9,3.9,19.20909091,45.9,4.2,12.1725,39.99,4.0,13.74944444,3,0,45.9
11,4004.0,36.24636364,364.0,51,625,1,900,4.3,113,22,9,1,7,2018,6.75951087,11400,23.99,4.3,18.81,79.99,4.1,16.745,58.99,3.9,7.67,37,6,364.0
19,455.81,11.28736842,23.99,48,575,1,100,4.3,98,23,8,2,1,2018,33.92857143,4500,23.99,4.3,11.28736842,89.99,4.1,14.811,58.99,3.9,22.67833333,41,6,23.99
6,275.7,14.84,45.95,39,161,2,350,4.0,123,21,10,1,7,2017,12.07165109,3800,89.9,3.9,13.99383333,205.0,4.4,22.1959322,45.95,4.0,14.84,0,0,45.95
4,1399.6,26.9275,349.9,51,625,1,900,4.3,19,20,8,2,2,2017,11.27717391,11400,19.99,4.3,11.75090909,349.9,4.3,26.9275,64.99,3.9,15.348,37,6,349.9
9,1115.7,26.27222222,123.9666667,35,591,3,444,4.0,125,22,9,1,3,2018,12.5,4480,117.4412903,4.2,18.26129032,105.6428571,4.2,21.6652381,151.8784375,3.8,20.31375,45,8,145.9942857
13,388.7,9.553076923,29.9,55,388,1,250,4.5,127,23,8,1,8,2018,10.48387097,1200,23.99,4.3,16.77,82.82142857,4.1,12.41857143,58.99,3.9,12.08333333,36,6,29.9
25,1319.5,12.98,53.05789474,57,366,2,1650,4.1,102,23,8,3,5,2018,13.15789474,19800,53.41515152,4.1,10.75303571,53.70952381,4.2,13.51034483,53.05789474,4.1,12.98,26,5,53.9
1,142.5,9.19,142.5,29,178,1,400,4.4,18,21,9,1,9,2017,4.166666667,4693,56.99,4.3,13.74117647,142.5,4.4,9.19,142.5,4.4,9.19,43,7,142.5
15,2759.85,47.594,183.99,33,2188,2,7650,4.2,184,21,10,1,12,2017,37.5,8000,55.1,4.1,15.75960784,55.425,4.2,19.184375,55.75,4.1,17.26727273,30,5,179.99
13,455.0,18.10153846,35.0,49,829,1,850,3.7,18,21,9,0,6,2018,13.68421053,10000,89.9,4.1,21.93,35.0,3.7,18.10153846,99.9,4.4,25.636,18,4,35.0
1,339.9,17.13,339.9,46,501,4,363,3.7,59,23,8,2,1,2018,1.111111111,3042,339.9,3.7,17.13,108.0,4.2,16.19636364,199.0,3.8,21.88,50,8,348.8
3,299.97,17.95,99.99,54,995,1,4475,4.3,38,21,10,1,12,2017,4.109589041,32736,99.99,4.2,15.26666667,129.99,4.3,25.59,99.99,4.3,17.95,17,3,99.99
16,560.0,15.628125,35.0,49,829,1,850,3.7,19,23,8,1,8,2018,13.82645804,10000,103.2333333,4.1,22.3,35.0,3.7,15.628125,83.83333333,4.4,23.77666667,18,4,35.0
10,2090.0,21.322,209.0,56,162,5,9750,4.4,61,22,8,1,6,2017,6.493506494,12600,89.9,3.9,14.76921569,209.0,4.4,21.322,45.95,4.0,12.93333333,4,0,215.0
16,5280.0,20.29875,330.0,60,2644,6,400,4.2,131,21,9,0,6,2018,10.12658228,2992,23.99,4.3,16.27,79.99,4.1,13.36230769,58.99,3.9,16.43,34,6,330.0
2,650.0,19.545,325.0,60,2644,6,400,4.2,81,22,9,2,10,2017,5.405405405,2992,23.99,4.3,13.13666667,89.99,4.1,16.56291667,58.99,3.9,19.06526316,34,6,325.0
51,7644.9,28.47588235,149.9,48,894,1,533,4.3,127,22,9,1,3,2018,18.61313869,4840,136.1428571,4.2,48.0475,149.9,4.3,28.47588235,81.02391304,3.5,18.22148148,10,1,149.9
27,3086.76,53.62555556,114.4911538,59,1893,1,6550,4.2,66,21,9,0,6,2018,7.072704082,8000,114.4911538,4.2,53.62555556,149.9,4.3,27.62666667,78.9,3.5,17.328,8,1,119.0
13,1298.7,28.89076923,99.9,57,272,1,2500,4.4,52,20,8,2,2,2018,13.40206186,12000,69.9,4.1,16.11590909,38.4,3.7,18.68555556,99.9,4.4,28.89076923,21,4,99.9
35,1886.5,21.85285714,53.9,59,341,2,1750,4.2,116,22,9,1,3,2018,20.34883721,32560,53.9,4.1,20.35967742,53.9,4.2,21.85285714,53.9,4.1,19.02423077,23,5,50.9
7,2449.3,26.58285714,349.9,51,625,1,900,4.3,89,21,9,1,9,2017,10.9375,11400,23.99,4.3,16.12,89.99,4.1,13.96428571,58.99,3.9,15.6392,37,6,349.9
10,999.0,25.636,99.9,57,272,1,2500,4.4,18,21,9,0,6,2018,10.30927835,12000,89.9,4.1,21.93,35.0,3.7,18.10153846,99.9,4.4,25.636,21,4,99.9
9,495.5,45.69666667,54.45,59,341,2,1850,4.3,339,22,8,4,11,2017,8.737864078,32560,52.40694444,4.1,17.06747253,53.64828125,4.2,16.07586207,53.78571429,4.1,18.27550725,24,5,59.9
44,5986.0,48.0475,136.1428571,59,1893,1,6550,4.2,127,22,9,1,3,2018,10.54209184,8000,136.1428571,4.2,48.0475,149.9,4.3,28.47588235,81.02391304,3.5,18.22148148,8,1,149.0
9,3111.36,14.27555556,345.7066667,46,501,4,363,3.7,91,22,8,4,11,2017,27.27272727,3042,133.0,4.2,19.91666667,108.0,4.2,15.90846154,174.4333333,3.8,20.99277778,50,8,346.158
4,199.6,21.21,49.9,59,341,2,1850,4.3,102,23,8,3,5,2018,9.30420712,32560,53.41515152,4.1,10.75303571,53.70952381,4.2,13.51034483,53.05789474,4.1,12.98,24,5,53.9
4,239.6,19.7325,59.9,56,348,2,1550,4.1,34,23,8,1,5,2017,14.18617614,19800,59.9,4.1,19.7325,59.9,4.2,26.24666667,59.9,4.1,19.7325,28,5,59.85
13,778.7,15.39230769,59.9,57,366,2,1650,4.1,74,21,10,1,7,2017,4.072301967,19800,59.9,4.1,16.62642857,59.9,4.2,16.11157895,59.9,4.1,15.39230769,26,5,59.85
14,1258.6,21.57214286,89.9,54,245,1,1383,3.9,50,22,9,2,10,2017,3.899721448,20000,89.9,3.9,21.57214286,89.9,3.9,21.57214286,45.95,4.0,15.1,1,0,89.9
22,2199.78,15.02090909,99.99,54,1012,1,1200,4.2,58,23,8,1,5,2017,19.81981982,15750,99.99,4.2,15.02090909,129.99,4.3,18.27277778,99.99,4.2,15.02090909,13,3,99.99
21,1257.9,18.83142857,59.9,58,340,2,1500,4.0,113,23,8,1,8,2017,7.074578278,19800,59.9,4.1,18.16230769,59.9,4.2,17.68111111,59.9,4.1,18.05043478,31,5,59.9
40,3120.0,17.9795,78.0,59,319,4,250,3.9,122,22,9,1,7,2018,16.76944159,640,118.3636364,4.2,15.48,105.0,4.2,24.93875,155.0,3.8,16.47,46,8,78.0
12,2395.2,19.795,203.2909091,42,236,1,342,4.1,91,22,8,4,11,2017,18.18181818,3510,133.0,4.2,19.91666667,108.0,4.2,15.90846154,174.4333333,3.8,20.99277778,48,8,216.15
7,545.3,14.63857143,77.9,33,256,1,180,3.5,43,22,9,1,7,2018,4.117647059,2210,119.99,4.2,48.62666667,149.9,4.3,33.57153846,77.9,3.5,14.63857143,6,1,78.9
4,140.0,11.58,35.0,41,789,1,950,3.8,95,23,8,3,5,2018,9.090909091,14000,69.9,4.1,3.801630435,35.0,3.7,14.63454545,99.9,4.4,19.41076923,20,4,35.0
4,191.6,12.6375,47.9,38,735,5,800,4.2,43,21,9,0,6,2018,6.896551724,8000,79.9,3.9,23.00565217,47.9,4.2,12.6375,39.99,4.0,13.998,3,0,47.9
2,199.98,16.95,99.99,54,1012,1,1200,4.2,33,22,9,2,10,2017,1.801801802,15750,99.99,4.2,16.95,119.99,4.3,19.997,99.99,4.2,16.95,13,3,99.99
23,1377.7,18.64347826,59.9,58,340,2,1500,4.0,115,21,9,1,9,2017,10.55045872,19800,59.9,4.1,17.18702703,59.9,4.2,16.81176471,59.9,4.1,16.29461538,31,5,59.9
13,1104.87,15.99615385,84.99,49,1495,3,600,3.8,98,23,8,2,1,2018,50.0,8151,23.99,4.3,11.28736842,89.99,4.1,14.811,58.99,3.9,22.67833333,32,6,84.99
13,1039.87,13.36230769,79.99,59,492,3,250,4.1,131,21,9,0,6,2018,8.83440417,3960,23.99,4.3,16.27,79.99,4.1,13.36230769,58.99,3.9,16.43,40,6,79.99
28,603.2,13.53428571,21.54285714,49,100,4,150,4.2,38,22,9,2,10,2017,23.72881356,2304,21.54285714,4.2,13.53428571,20.66666667,3.9,12.80333333,21.54285714,4.2,13.53428571,11,2,19.9
13,1514.87,37.09153846,116.5284615,50,1257,1,700,4.1,118,21,9,1,4,2018,8.333333333,5700,116.5284615,4.1,37.09153846,79.99,4.1,14.485,58.99,3.9,16.30272727,35,6,110.99
9,764.1,22.44777778,84.9,55,312,1,1550,3.3,26,22,9,1,7,2018,12.16216216,20944,77.93333333,3.9,19.952,84.9,3.3,22.44777778,39.99,4.0,20.4175,2,0,84.9
2,285.0,17.15,142.5,29,178,1,400,4.4,19,22,9,2,10,2017,8.333333333,4693,56.99,4.3,12.29294118,142.5,4.4,17.15,142.5,4.4,17.15,43,7,142.5
4,239.6,17.67,59.9,57,339,2,1800,4.2,74,21,10,1,7,2017,8.711433757,32560,59.9,4.1,16.62642857,59.9,4.2,16.11157895,59.9,4.1,15.39230769,29,5,59.85
17,5948.3,29.6,349.9,51,625,1,900,4.3,169,22,9,1,3,2018,10.80163043,11400,23.99,4.3,14.19875,83.74,4.1,11.876875,58.99,3.9,15.228,37,6,349.9
2,699.8,21.275,349.9,51,625,1,900,4.3,25,23,8,1,3,2017,10.80163043,11400,19.99,4.3,13.81888889,89.99,4.1,13.02,64.99,3.9,17.26222222,37,6,349.9
16,319.84,14.8475,19.99,48,575,1,100,4.3,41,23,8,1,5,2017,9.805555556,4500,19.99,4.3,14.8475,89.99,4.1,16.09833333,64.99,3.9,14.811875,41,6,19.99
11,1601.06,21.89727273,145.5509091,35,514,2,4338,3.8,61,23,8,1,8,2018,13.86940097,2856,112.0,4.2,13.44,105.0,4.2,23.38571429,145.5509091,3.8,21.89727273,44,8,155.0
31,1670.9,20.35967742,53.9,56,348,2,1550,4.1,116,22,9,1,3,2018,14.90384615,19800,53.9,4.1,20.35967742,53.9,4.2,21.85285714,53.9,4.1,19.02423077,28,5,50.54516129
14,1259.86,42.60714286,89.99,47,1893,1,6050,4.1,184,21,10,1,12,2017,18.18181818,8000,55.1,4.1,15.75960784,55.425,4.2,19.184375,55.75,4.1,17.26727273,25,5,89.99
44,3075.6,16.11590909,69.9,44,903,6,2600,4.1,52,20,8,2,2,2018,10.65375303,15000,69.9,4.1,16.11590909,38.4,3.7,18.68555556,99.9,4.4,28.89076923,19,4,69.9953271
21,1234.79,13.90333333,58.79952381,59,492,2,200,3.9,53,22,8,1,6,2017,11.35714286,3960,19.99,4.3,12.68333333,89.99,4.1,14.16333333,58.79952381,3.9,13.90333333,39,6,64.99
15,2073.3,16.108,138.22,35,514,2,4338,3.8,93,21,9,0,6,2018,9.821910416,2856,119.0,4.2,19.20666667,105.0,4.2,23.82357143,138.22,3.8,16.108,44,8,132.53125
9,345.6,18.68555556,38.4,49,829,1,850,3.7,52,20,8,2,2,2018,9.473684211,10000,69.9,4.1,16.11590909,38.4,3.7,18.68555556,99.9,4.4,28.89076923,18,4,38.4
25,1247.5,17.7532,49.9,58,340,2,1500,4.0,137,23,8,2,1,2018,16.12903226,19800,49.9,4.1,19.495,49.9,4.2,15.84103448,49.9,4.1,16.50512821,31,5,55.77096774
26,3908.9,17.50192308,150.3423077,35,640,1,335,4.1,178,21,9,1,4,2018,23.00884956,2992,105.648625,4.2,2.181647059,105.0,4.2,13.63142857,150.1333333,3.8,19.44777778,51,8,167.5
8,880.0,39.37125,110.0,47,1893,1,6050,4.1,102,23,8,3,5,2018,7.548701299,8000,53.41515152,4.1,10.75303571,53.70952381,4.2,13.51034483,53.05789474,4.1,12.98,25,5,110.0
6,894.0,17.00333333,149.0,35,591,3,444,4.0,73,21,10,1,12,2017,8.108108108,4480,149.0,4.2,19.1,108.0,4.2,16.65384615,185.96,3.8,18.686,45,8,140.56
14,1819.86,17.39642857,129.99,33,897,1,1600,4.3,33,20,10,2,4,2017,12.55630631,15750,99.99,4.2,14.20235294,129.99,4.3,17.39642857,129.99,4.3,17.39642857,14,3,129.99
25,2975.0,39.2172,119.0,59,1893,1,6550,4.2,78,23,8,3,5,2018,10.20408163,8000,119.0,4.2,39.2172,149.9,4.3,18.94307692,79.8,3.5,14.41454545,8,1,120.9230769
2,117.98,7.67,58.99,59,492,2,200,3.9,113,22,9,1,7,2018,6.071428571,3960,23.99,4.3,18.81,79.99,4.1,16.745,58.99,3.9,7.67,39,6,58.99
17,2038.3,15.85235294,119.9,29,178,1,400,4.4,16,23,8,3,5,2018,20.73170732,4693,119.9,4.4,15.85235294,119.9,4.4,15.85235294,119.9,4.4,15.85235294,43,7,117.975
3,71.97,16.27,23.99,48,575,1,100,4.3,131,21,9,0,6,2018,7.345238095,4500,23.99,4.3,16.27,79.99,4.1,13.36230769,58.99,3.9,16.43,41,6,23.99
16,1039.84,14.811875,64.99,59,492,2,200,3.9,41,23,8,1,5,2017,8.142857143,3960,19.99,4.3,14.8475,89.99,4.1,16.09833333,64.99,3.9,14.811875,39,6,64.99
4,470.8,15.175,117.7,29,178,1,400,4.4,18,22,9,1,3,2018,4.87804878,4693,50.49,4.3,15.19642857,117.7,4.4,15.175,117.7,4.4,15.175,43,7,117.8888889
16,392.0,12.87375,24.5,49,100,4,150,4.2,30,21,10,1,12,2017,13.55932203,2304,24.5,4.2,12.87375,24.5,3.9,13.52470588,24.5,4.2,12.87375,11,2,24.5
1,49.9,35.86,49.9,59,341,2,1850,4.3,137,23,8,2,1,2018,4.166666667,32560,49.9,4.1,19.495,49.9,4.2,15.84103448,49.9,4.1,16.50512821,24,5,49.9
1,101.0,79.76,101.0,36,450,1,9000,4.1,111,21,9,1,4,2018,7.678571429,19656,53.9,4.1,5.28173913,53.9,4.2,19.46846154,53.9,4.1,19.07142857,27,5,101.0
2,199.98,47.745,99.99,47,1893,1,6050,4.1,46,23,8,1,8,2018,3.125,8000,49.91,4.1,20.32833333,49.9,4.2,36.442,49.9,4.1,32.32,25,5,99.99
3,269.59,19.87666667,89.86333333,54,1012,1,1200,4.2,18,21,9,1,4,2018,24.32432432,15750,89.86333333,4.2,19.87666667,129.99,4.3,23.49,35.0,4.4,14.845,13,3,99.99
7,699.93,43.68,99.99,58,1893,1,5950,4.3,54,22,9,1,7,2018,7.510204082,8000,49.91,4.1,28.37333333,49.9,4.2,33.28142857,49.9,4.1,20.99,22,5,89.99
14,1399.86,13.82642857,99.99,54,1012,1,1200,4.2,42,22,8,1,6,2017,12.61261261,15750,99.99,4.2,13.82642857,129.99,4.3,17.06117647,99.99,4.2,13.82642857,13,3,99.99
3,389.97,25.59,129.99,33,897,1,1600,4.3,38,21,10,1,12,2017,2.702702703,15750,99.99,4.2,15.26666667,129.99,4.3,25.59,129.99,4.3,25.59,14,3,129.99
2,398.0,21.88,199.0,35,514,2,4338,3.8,59,23,8,2,1,2018,1.834862385,2856,199.0,3.8,21.88,108.0,4.2,16.19636364,199.0,3.8,21.88,44,8,185.96
26,3660.0,19.17230769,140.56,35,591,3,444,4.0,91,22,8,4,11,2017,35.13513514,4480,133.0,4.2,19.91666667,108.0,4.2,15.90846154,174.4333333,3.8,20.99277778,45,8,149.475
2,70.0,19.32,35.0,41,789,1,950,3.8,18,21,9,0,6,2018,4.545454545,14000,89.9,4.1,21.93,35.0,3.7,18.10153846,99.9,4.4,25.636,20,4,35.0
2,202.0,43.555,101.0,36,450,1,9000,4.1,160,20,8,2,2,2018,25.0,19656,50.54516129,4.1,16.61153846,50.9,4.2,17.51944444,50.35714286,4.1,18.281875,27,5,99.5
40,2232.6,17.5175,55.77096774,58,340,2,1500,4.0,184,21,10,1,12,2017,18.34862385,19800,55.1,4.1,15.75960784,55.425,4.2,19.184375,55.75,4.1,17.26727273,31,5,53.37910448
7,840.0,43.38142857,120.0,58,1893,1,5950,4.3,160,20,8,2,2,2018,7.510204082,8000,50.54516129,4.1,16.61153846,50.9,4.2,17.51944444,50.35714286,4.1,18.281875,22,5,127.7272727
3,149.7,34.55,49.9,59,341,2,1850,4.3,54,22,9,1,7,2018,13.5315534,32560,49.91,4.1,28.37333333,49.9,4.2,33.28142857,49.9,4.1,20.99,24,5,49.9
3,269.7,21.82666667,89.9,33,300,1,207,3.5,66,21,9,0,6,2018,2.419354839,2926,114.4911538,4.2,53.62555556,149.9,4.3,27.62666667,78.9,3.5,17.328,9,1,89.85
24,2159.76,16.56291667,89.99,59,492,3,250,4.1,81,22,9,2,10,2017,16.43835616,3960,23.99,4.3,13.13666667,89.99,4.1,16.56291667,58.99,3.9,19.06526316,40,6,89.99
11,1099.89,30.53909091,99.99,47,1893,1,6050,4.1,21,23,8,1,3,2017,11.83035714,8000,99.99,4.1,30.53909091,99.99,4.1,30.53909091,99.99,4.1,30.53909091,25,5,99.99
39,3042.0,15.6825641,78.0,59,319,4,250,3.9,93,21,9,0,6,2018,21.17163412,640,119.0,4.2,19.20666667,105.0,4.2,23.82357143,138.22,3.8,16.108,46,8,78.0
14,1399.86,16.64428571,99.99,54,1012,1,1200,4.2,22,23,8,1,3,2017,17.41741742,15750,99.99,4.2,16.64428571,129.99,4.3,18.77875,99.99,4.2,16.64428571,13,3,85.70428571
13,778.7,16.29461538,59.9,57,366,2,1650,4.1,115,21,9,1,9,2017,6.565656566,19800,59.9,4.1,17.18702703,59.9,4.2,16.81176471,59.9,4.1,16.29461538,26,5,59.9
5,789.95,13.91,157.99,35,591,3,444,4.0,17,22,8,1,6,2017,4.072822823,4480,163.0,4.2,14.265,157.99,4.0,13.91,185.0,3.8,14.74,45,8,157.94
8,399.92,12.5225,49.99,54,1536,2,250,4.3,13,22,9,1,7,2018,13.16964286,3360,49.99,4.3,12.5225,118.7,4.4,15.978,49.99,4.3,12.5225,42,7,49.94
11,1099.89,16.52909091,99.99,54,1012,1,1200,4.2,42,21,10,1,7,2017,9.90990991,15750,99.99,4.2,16.52909091,129.99,4.3,18.715625,99.99,4.2,16.52909091,13,3,99.99
17,1699.83,14.20235294,99.99,54,1012,1,1200,4.2,33,20,10,2,4,2017,24.32432432,15750,99.99,4.2,14.20235294,129.99,4.3,17.39642857,99.99,4.2,14.20235294,13,3,99.99
1,29.9,11.85,29.9,55,388,1,250,4.5,81,22,9,2,10,2017,7.692307692,1200,23.99,4.3,13.13666667,89.99,4.1,16.56291667,58.99,3.9,19.06526316,36,6,29.85
4,339.96,16.375,84.99,49,1495,3,600,3.8,169,22,9,1,3,2018,15.38461538,8151,23.99,4.3,14.19875,83.74,4.1,11.876875,58.99,3.9,15.228,32,6,84.99
28,671.72,12.37535714,23.99,48,575,1,100,4.3,139,22,8,4,11,2017,12.44444444,4500,23.99,4.3,12.37535714,89.99,4.1,16.99038462,58.99,3.9,15.71166667,41,6,23.99
17,1683.0,32.86352941,99.0,36,450,1,9000,4.1,339,22,8,4,11,2017,16.19047619,19656,52.40694444,4.1,17.06747253,53.64828125,4.2,16.07586207,53.78571429,4.1,18.27550725,27,5,99.0
8,1729.2,19.1,216.15,42,236,1,342,4.1,43,22,9,2,10,2017,12.12121212,3510,134.9,4.2,6.81,216.15,4.1,19.1,232.49,3.8,14.2125,48,8,219.06
16,2391.6,18.505625,149.475,35,591,3,444,4.0,43,22,9,2,10,2017,21.62162162,4480,134.9,4.2,6.81,149.475,4.0,18.505625,232.49,3.8,14.2125,45,8,160.4
17,1529.83,16.30764706,89.99,59,492,3,250,4.1,126,20,8,2,2,2018,15.04424779,3960,23.99,4.3,12.55,89.99,4.1,16.30764706,58.99,3.9,19.575,40,6,89.99
11,3543.5,20.47818182,322.1363636,51,625,1,900,4.3,139,22,8,4,11,2017,17.1875,11400,23.99,4.3,12.37535714,89.99,4.1,16.99038462,58.99,3.9,15.71166667,37,6,349.9
6,599.94,17.78166667,99.99,54,995,1,4475,4.3,10,21,9,1,9,2017,8.219178082,32736,99.99,4.2,15.93333333,99.99,4.3,17.78166667,29.5,4.4,11.73,17,3,99.99
29,1447.1,15.84103448,49.9,59,341,2,1750,4.2,137,23,8,2,1,2018,16.86046512,32560,49.9,4.1,19.495,49.9,4.2,15.84103448,49.9,4.1,16.50512821,23,5,55.425
18,965.91,13.16055556,53.70176471,40,409,1,1110,4.2,118,21,9,1,4,2018,11.61290323,3762,53.70176471,4.2,13.16055556,79.99,4.1,14.485,58.99,3.9,16.30272727,33,6,48.45944444
2,179.8,13.02,89.9,54,245,1,1383,3.9,2,20,8,2,2,2017,8.872301532,20000,89.9,3.9,13.02,89.9,3.9,13.02,89.9,3.9,13.02,1,0,89.85
6,769.45,15.92666667,128.2416667,33,523,3,584,4.2,90,20,8,2,2,2018,2.33463035,2288,128.2416667,4.2,15.92666667,108.0,4.2,18.25363636,182.0,3.8,19.33,49,8,128.1916667
3,299.97,15.26666667,99.99,54,1012,1,1200,4.2,38,21,10,1,12,2017,2.702702703,15750,99.99,4.2,15.26666667,129.99,4.3,25.59,99.99,4.2,15.26666667,13,3,99.99
10,3250.0,19.824,325.0,60,2644,6,400,4.2,98,23,8,2,1,2018,6.329113924,2992,23.99,4.3,11.28736842,89.99,4.1,14.811,58.99,3.9,22.67833333,34,6,325.0
8,307.2,12.105,38.4,49,829,1,850,3.7,14,23,8,1,8,2017,13.82645804,10000,75.0,4.1,15.37692308,38.4,3.7,12.105,38.4,3.7,12.105,18,4,38.4
1,65.0,57.23,65.0,57,787,8,1867,4.4,1,23,8,1,8,2018,0.884955752,7776,65.0,4.4,57.23,65.0,4.4,57.23,65.0,4.4,57.23,15,3,64.95
13,1404.0,15.90846154,108.0,58,3006,2,1000,4.2,91,22,8,4,11,2017,50.0,7632,133.0,4.2,19.91666667,108.0,4.2,15.90846154,174.4333333,3.8,20.99277778,47,8,107.95
4,292.0,17.1875,73.0,45,236,1,173,4.0,66,21,9,0,6,2018,10.06889242,2808,114.4911538,4.2,53.62555556,149.9,4.3,27.62666667,78.9,3.5,17.328,5,1,72.95
9,809.91,14.16333333,89.99,59,492,3,250,4.1,53,22,8,1,6,2017,8.83440417,3960,19.99,4.3,12.68333333,89.99,4.1,14.16333333,58.79952381,3.9,13.90333333,40,6,89.99
5,299.5,18.652,59.9,59,341,2,1850,4.3,17,20,10,2,4,2017,6.593851133,32560,59.9,4.3,18.652,59.9,4.3,18.652,59.9,4.3,18.652,24,5,59.85
4,339.96,15.6,84.99,49,1495,3,600,3.8,89,21,9,1,9,2017,4.166666667,8151,23.99,4.3,16.12,89.99,4.1,13.96428571,58.99,3.9,15.6392,32,6,84.99
23,2067.7,18.77652174,89.9,54,245,1,1383,3.9,54,21,9,1,9,2017,6.406685237,20000,89.9,3.9,18.77652174,163.3987097,4.4,24.3246875,45.95,4.0,15.1,1,0,89.9
5,489.76,17.592,97.952,54,995,1,4475,4.3,45,22,9,1,3,2018,20.83333333,32736,99.99,4.2,20.78,129.99,4.3,18.49,35.0,4.4,16.25615385,17,3,99.99
14,493.4,15.18928571,35.48571429,41,789,1,950,3.8,83,22,9,1,3,2018,31.81818182,14000,69.9,4.1,18.42507692,35.48571429,3.7,15.44823529,99.9,4.4,22.14583333,20,4,38.4
11,1089.0,38.05545455,99.0,36,450,1,9000,4.1,184,21,10,1,12,2017,10.47619048,19656,55.1,4.1,15.75960784,55.425,4.2,19.184375,55.75,4.1,17.26727273,27,5,99.0
8,799.92,18.22875,99.99,54,995,1,4475,4.3,39,23,8,1,8,2017,10.95890411,32736,99.99,4.2,18.975,116.9275,4.3,19.02125,99.99,4.3,18.22875,17,3,99.99
6,299.4,32.32,49.9,57,366,2,1650,4.1,46,23,8,1,8,2018,7.387028177,19800,49.91,4.1,20.32833333,49.9,4.2,36.442,49.9,4.1,32.32,26,5,49.9
57,5453.96,12.23912281,93.09489362,33,300,1,207,3.5,152,23,8,2,1,2018,45.96774194,2926,156.5113514,4.2,36.8072093,150.3545455,4.3,22.54772727,97.6425,3.5,14.84655172,9,1,119.9
28,1026.51,13.65214286,36.85428571,49,829,1,850,3.7,64,22,8,4,11,2017,37.83783784,10000,75.0,4.1,16.13272727,36.85428571,3.7,13.65214286,99.9,4.4,21.19,18,4,38.4
4,153.6,11.015,38.4,41,789,1,950,3.8,40,21,10,1,12,2017,7.547169811,14000,75.0,4.1,17.44638298,38.4,3.8,11.015,99.9,4.4,20.64666667,20,4,34.58117647
36,2156.4,16.81416667,59.9,57,366,2,1650,4.1,146,22,9,2,10,2017,18.18181818,19800,59.9,4.1,18.06589744,59.9,4.2,17.59548387,59.9,4.1,16.81416667,26,5,59.9
44,2247.6,16.28340909,51.025,58,340,2,1500,4.0,160,20,8,2,2,2018,28.38709677,19800,50.54516129,4.1,16.61153846,50.9,4.2,17.51944444,50.35714286,4.1,18.281875,31,5,49.9
30,2537.19,14.096,84.75608696,45,236,1,173,4.0,202,20,8,2,2,2018,29.41176471,2808,149.0,4.2,41.16322581,149.9,4.3,26.55289855,78.7122807,3.5,14.53591549,5,1,90.534
23,5956.3,13.63130435,258.9695652,46,501,4,363,3.7,260,23,8,3,5,2018,25.55555556,3042,103.7925234,4.2,0.095438596,105.0,4.2,11.3772973,132.53125,3.8,15.7621875,50,8,280.6666667
8,1112.0,48.62875,139.0,33,2188,2,7650,4.2,54,22,9,1,7,2018,10.25641026,8000,49.91,4.1,28.37333333,49.9,4.2,33.28142857,49.9,4.1,20.99,30,5,159.0
22,1911.8,19.20909091,86.9,54,245,1,1383,3.9,62,20,8,2,2,2018,8.872301532,20000,86.9,3.9,19.20909091,86.9,3.9,19.20909091,39.99,4.0,13.74944444,1,0,86.9
22,2178.0,18.79636364,99.0,55,312,1,1550,3.3,97,22,8,4,11,2017,59.45945946,20944,89.9,3.9,16.294,99.0,3.3,18.79636364,40.53181818,4.0,15.83272727,2,0,99.0
8,712.0,40.80125,89.0,36,450,1,9000,4.1,26,22,8,1,6,2017,7.619047619,19656,59.9,4.1,17.67,59.9,4.2,16.26,89.0,4.1,40.80125,27,5,97.58823529
1,79.9,13.9,79.9,45,236,1,173,4.0,18,23,8,1,8,2018,3.192898781,2808,119.99,4.2,39.046,149.9,4.3,24.76,77.9,3.5,13.415,5,1,66.34214286
8,943.8,21.65,117.975,29,178,1,400,4.4,10,21,9,1,4,2018,9.756097561,4693,49.99,4.3,13.665,117.975,4.4,21.65,117.975,4.4,21.65,43,7,117.7
13,2088.7,15.18538462,160.6692308,33,523,3,584,4.2,48,23,8,1,8,2017,10.04303738,2288,160.6692308,4.2,15.18538462,160.6692308,4.2,15.18538462,179.9,3.8,14.92666667,49,8,161.5909091
3,414.0,23.52666667,138.0,35,591,3,444,4.0,61,23,8,1,8,2018,5.461711712,4480,112.0,4.2,13.44,105.0,4.2,23.38571429,145.5509091,3.8,21.89727273,45,8,138.98
7,398.93,11.75,56.99,54,1536,2,250,4.3,7,21,10,1,7,2017,13.16964286,3360,56.99,4.3,11.75,56.99,4.3,11.75,56.99,4.3,11.75,42,7,56.99
1,49.9,18.0,49.9,59,341,2,1850,4.3,184,21,10,1,12,2017,0.970873786,32560,55.1,4.1,15.75960784,55.425,4.2,19.184375,55.75,4.1,17.26727273,24,5,54.45
1,112.0,13.44,112.0,33,523,3,584,4.2,61,23,8,1,8,2018,10.04303738,2288,112.0,4.2,13.44,105.0,4.2,23.38571429,145.5509091,3.8,21.89727273,49,8,118.3636364
2,130.0,15.01,65.0,57,787,8,1867,4.4,2,21,9,0,6,2018,1.769911504,7776,65.0,4.4,15.01,65.0,4.4,15.01,65.0,4.4,15.01,15,3,35.0
5,1205.03,21.318,241.006,35,514,2,4338,3.8,6,23,8,1,3,2017,17.62007555,2856,241.006,3.8,21.318,241.006,3.8,21.318,241.006,3.8,21.318,44,8,240.956
37,3326.3,14.65675676,89.9,54,245,1,1383,3.9,90,23,8,1,8,2017,7.887578343,20000,89.9,3.9,14.65675676,199.5098039,4.4,19.41288462,45.95,4.0,14.2875,1,0,89.9
15,974.85,25.346,64.99,50,1257,1,350,3.9,118,21,9,1,4,2018,10.0,2964,64.99,3.9,25.346,79.99,4.1,14.485,58.99,3.9,16.30272727,38,6,61.99
13,1298.7,22.81923077,99.9,57,272,1,2500,4.4,125,23,8,2,1,2018,13.40206186,12000,69.9953271,4.1,17.66311475,38.4,3.7,9.34,99.9,4.4,22.81923077,21,4,99.9
56,6764.0,27.25303571,120.9230769,59,1893,1,6550,4.2,107,21,9,1,4,2018,14.0327381,8000,120.9230769,4.2,27.25303571,149.9,4.3,30.22742857,80.66666667,3.5,18.17230769,8,1,136.1428571
2,155.8,13.415,77.9,33,256,1,180,3.5,18,23,8,1,8,2018,1.176470588,2210,119.99,4.2,39.046,149.9,4.3,24.76,77.9,3.5,13.415,6,1,77.9
31,3640.68,18.26129032,117.4412903,33,523,3,584,4.2,125,22,9,1,3,2018,12.06225681,2288,117.4412903,4.2,18.26129032,105.6428571,4.2,21.6652381,151.8784375,3.8,20.31375,49,8,128.2416667
10,1973.83,16.606,197.383,35,514,2,4338,3.8,29,21,10,1,7,2017,6.799784134,2856,161.5909091,4.2,15.52545455,197.383,3.8,16.606,197.383,3.8,16.606,44,8,185.0
3,185.97,24.05,61.99,50,1257,1,350,3.9,98,23,8,2,1,2018,2.0,2964,23.99,4.3,11.28736842,89.99,4.1,14.811,58.99,3.9,22.67833333,38,6,61.94
9,179.1,16.13333333,19.9,49,100,4,150,4.2,17,21,9,1,9,2017,7.627118644,2304,19.9,4.2,16.13333333,19.9,3.9,15.41111111,19.9,4.2,16.13333333,11,2,19.9
29,4842.71,24.47137931,166.99,40,1456,1,2425,3.8,38,21,10,1,12,2017,41.42857143,16530,99.99,4.2,15.26666667,129.99,4.3,25.59,166.99,3.8,24.47137931,16,3,157.3603704
10,1199.9,19.997,119.99,33,897,1,1600,4.3,33,22,9,2,10,2017,9.009009009,15750,99.99,4.2,16.95,119.99,4.3,19.997,119.99,4.3,19.997,14,3,119.94
13,519.87,14.23615385,39.99,39,161,2,350,4.0,34,21,9,1,4,2018,12.14953271,3800,85.045,3.9,12.94,39.99,4.0,14.23615385,39.99,4.0,14.23615385,0,0,39.99
1,59.9,13.44,59.9,57,339,2,1800,4.2,34,23,8,1,5,2017,8.756805808,32560,59.9,4.1,19.7325,59.9,4.2,26.24666667,59.9,4.2,13.44,29,5,59.9
2,221.98,20.55,110.99,50,1257,1,700,4.1,126,20,8,2,2,2018,1.282051282,5700,23.99,4.3,12.55,89.99,4.1,16.30764706,58.99,3.9,19.575,35,6,110.99
5,162.5,15.256,32.5,49,100,4,150,4.2,6,20,8,2,2,2018,20.83333333,2304,32.5,4.2,15.256,32.5,3.9,11.85,32.5,4.2,15.256,11,2,32.45
11,219.89,11.75090909,19.99,48,575,1,100,4.3,19,20,8,2,2,2017,14.94444444,4500,19.99,4.3,11.75090909,19.99,4.3,11.75090909,64.99,3.9,15.348,41,6,19.94
1,36.2,22.18,36.2,49,100,4,150,4.2,1,22,9,1,7,2018,7.59180791,2304,36.2,4.2,22.18,36.2,4.2,22.18,36.2,4.2,22.18,11,2,36.2
7,693.0,18.66285714,99.0,55,312,1,1550,3.3,41,21,10,1,12,2017,18.91891892,20944,88.48823529,3.9,18.89833333,99.0,3.3,18.66285714,39.99,4.0,15.23,2,0,99.0
6,660.0,54.53166667,110.0,58,1893,1,5950,4.3,116,22,9,1,3,2018,8.551020408,8000,53.9,4.1,20.35967742,53.9,4.2,21.85285714,53.9,4.1,19.02423077,22,5,120.0
9,449.82,12.91,49.98,40,409,1,1110,4.2,131,21,9,0,6,2018,5.806451613,3762,23.99,4.3,16.27,79.99,4.1,13.36230769,58.99,3.9,16.43,33,6,52.06928571
3,149.7,20.99,49.9,57,366,2,1650,4.1,54,22,9,1,7,2018,4.072301967,19800,49.91,4.1,28.37333333,49.9,4.2,33.28142857,49.9,4.1,20.99,26,5,49.9
18,1619.82,13.41055556,89.99,59,492,3,250,4.1,82,23,8,1,8,2017,9.261728694,3960,23.39740741,4.3,14.27678571,89.99,4.1,13.41055556,58.99,3.9,16.24090909,40,6,89.99
14,1399.86,18.975,99.99,54,1012,1,1200,4.2,39,23,8,1,8,2017,12.61261261,15750,99.99,4.2,18.975,116.9275,4.3,19.02125,99.99,4.2,18.975,13,3,99.99
20,1139.8,12.714,56.99,54,1536,2,250,4.3,27,22,8,4,11,2017,20.83333333,3360,56.99,4.3,12.714,118.05,4.4,14.29375,56.99,4.3,12.714,42,7,56.99
14,1099.5,23.84714286,78.53571429,57,272,1,2500,4.4,22,22,9,1,7,2018,14.43298969,12000,89.9,4.1,29.79,35.0,3.7,17.238,78.53571429,4.4,23.84714286,21,4,99.9
16,1339.84,11.876875,83.74,59,492,3,250,4.1,169,22,9,1,3,2018,9.134440538,3960,23.99,4.3,14.19875,83.74,4.1,11.876875,58.99,3.9,15.228,40,6,89.99
14,1386.0,45.77642857,99.0,36,450,1,9000,4.1,146,22,9,2,10,2017,13.33333333,19656,59.9,4.1,18.06589744,59.9,4.2,17.59548387,59.9,4.1,16.81416667,27,5,99.0
43,6746.9,36.8072093,156.5113514,59,1893,1,6550,4.2,152,23,8,2,1,2018,17.55102041,8000,156.5113514,4.2,36.8072093,150.3545455,4.3,22.54772727,97.6425,3.5,14.84655172,8,1,149.99
2,240.0,33.83,120.0,58,1893,1,5950,4.3,113,23,8,1,8,2017,7.020408163,8000,59.9,4.1,18.16230769,59.9,4.2,17.68111111,59.9,4.1,18.05043478,22,5,120.0
3,299.7,20.64666667,99.9,57,272,1,2500,4.4,40,21,10,1,12,2017,75.0,12000,75.0,4.1,17.44638298,99.9,4.4,20.64666667,99.9,4.4,20.64666667,21,4,99.9
34,2036.6,19.71176471,59.9,59,341,2,1850,4.3,115,21,9,1,9,2017,33.00970874,32560,59.9,4.1,17.18702703,59.9,4.2,16.81176471,59.9,4.1,16.29461538,24,5,59.9
28,6287.2,17.48678571,224.5428571,42,236,1,342,4.1,73,21,10,1,12,2017,42.42424242,3510,149.0,4.2,19.1,108.0,4.2,16.65384615,185.96,3.8,18.686,48,8,203.2909091
56,2982.4,10.75303571,53.41515152,56,348,2,1550,4.1,102,23,8,3,5,2018,14.18617614,19800,53.41515152,4.1,10.75303571,53.70952381,4.2,13.51034483,53.05789474,4.1,12.98,28,5,53.9
11,1737.4,14.59272727,157.9454545,35,640,1,335,4.1,61,23,8,1,8,2018,9.734513274,2992,112.0,4.2,13.44,105.0,4.2,23.38571429,145.5509091,3.8,21.89727273,51,8,157.1428571
1,120.0,34.2,120.0,58,1893,1,5950,4.3,74,21,10,1,7,2017,7.510204082,8000,59.9,4.1,16.62642857,59.9,4.2,16.11157895,59.9,4.1,15.39230769,22,5,109.99
13,2657.0,4.088461538,204.3846154,42,236,1,342,4.1,178,21,9,1,4,2018,16.88311688,3510,105.648625,4.2,2.181647059,105.0,4.2,13.63142857,150.1333333,3.8,19.44777778,48,8,216.1875
12,1416.0,11.02666667,118.0,29,178,1,400,4.4,34,21,10,1,12,2017,50.0,4693,56.99,4.3,13.82,118.0,4.4,11.02666667,118.0,4.4,11.02666667,43,7,118.05
19,1138.1,17.73052632,59.9,58,340,2,1500,4.0,146,22,9,2,10,2017,8.71559633,19800,59.9,4.1,18.06589744,59.9,4.2,17.59548387,59.9,4.1,16.81416667,31,5,59.9
12,598.8,19.495,49.9,56,348,2,1550,4.1,137,23,8,2,1,2018,5.769230769,19800,49.9,4.1,19.495,49.9,4.2,15.84103448,49.9,4.1,16.50512821,28,5,55.1
7,398.93,13.58857143,56.99,54,1536,2,250,4.3,8,23,8,1,8,2017,8.407738095,3360,56.99,4.3,13.58857143,142.5,4.4,15.75,56.99,4.3,13.58857143,42,7,56.99
71,5581.8,14.53591549,78.7122807,33,256,1,180,3.5,202,20,8,2,2,2018,41.76470588,2210,149.0,4.2,41.16322581,149.9,4.3,26.55289855,78.7122807,3.5,14.53591549,6,1,97.6425
13,700.7,19.46846154,53.9,59,341,2,1750,4.2,111,21,9,1,4,2018,7.558139535,32560,53.9,4.1,5.28173913,53.9,4.2,19.46846154,53.9,4.1,19.07142857,23,5,53.9
2,199.98,20.78,99.99,54,1012,1,1200,4.2,45,22,9,1,3,2018,17.41741742,15750,99.99,4.2,20.78,129.99,4.3,18.49,35.0,4.4,16.25615385,13,3,99.99
16,2079.84,18.715625,129.99,33,897,1,1600,4.3,42,21,10,1,7,2017,14.41441441,15750,99.99,4.2,16.52909091,129.99,4.3,18.715625,129.99,4.3,18.715625,14,3,129.99
11,1405.0,45.97,127.7272727,58,1893,1,5950,4.3,137,23,8,2,1,2018,22.0,8000,49.9,4.1,19.495,49.9,4.2,15.84103448,49.9,4.1,16.50512821,22,5,89.99
12,1198.8,22.14583333,99.9,57,272,1,2500,4.4,83,22,9,1,3,2018,12.37113402,12000,69.9,4.1,18.42507692,35.48571429,3.7,15.44823529,99.9,4.4,22.14583333,21,4,99.9
3,254.97,15.57,84.99,49,1495,3,600,3.8,82,23,8,1,8,2017,3.125,8151,23.39740741,4.3,14.27678571,89.99,4.1,13.41055556,58.99,3.9,16.24090909,32,6,84.94
48,2411.2,18.281875,50.35714286,57,366,2,1650,4.1,160,20,8,2,2,2018,25.26315789,19800,50.54516129,4.1,16.61153846,50.9,4.2,17.51944444,50.35714286,4.1,18.281875,26,5,49.9
13,1948.7,33.57153846,149.9,48,894,1,533,4.3,43,22,9,1,7,2018,4.744525547,4840,119.99,4.2,48.62666667,149.9,4.3,33.57153846,77.9,3.5,14.63857143,10,1,149.9
14,1119.86,14.485,79.99,59,492,3,250,4.1,118,21,9,1,4,2018,12.38938053,3960,79.99,4.1,14.485,79.99,4.1,14.485,58.99,3.9,16.30272727,40,6,83.74
11,658.9,14.80727273,59.9,57,339,2,1800,4.2,146,22,9,2,10,2017,18.96551724,32560,59.9,4.1,18.06589744,59.9,4.2,17.59548387,59.9,4.1,16.81416667,29,5,59.9
13,1139.8,11.67230769,87.5,45,236,1,173,4.0,127,22,9,1,3,2018,12.74509804,2808,136.1428571,4.2,48.0475,149.9,4.3,28.47588235,81.02391304,3.5,18.22148148,5,1,84.75608696
6,299.46,28.37333333,49.91,56,348,2,1550,4.1,54,22,9,1,7,2018,3.978539576,19800,49.91,4.1,28.37333333,49.9,4.2,33.28142857,49.9,4.1,20.99,28,5,49.9
6,1019.94,24.87833333,169.99,40,1456,1,2425,3.8,18,21,9,1,4,2018,15.78947368,16530,89.86333333,4.2,19.87666667,129.99,4.3,23.49,35.0,4.4,14.845,16,3,173.8081818
6,539.94,48.17833333,89.99,58,1893,1,5950,4.3,58,21,9,0,6,2018,9.06122449,8000,49.9,4.1,19.89083333,49.9,4.2,23.25166667,49.9,4.1,22.87866667,22,5,110.0
4,983.6,14.795,245.9,46,501,4,363,3.7,93,21,9,0,6,2018,4.444444444,3042,119.0,4.2,19.20666667,105.0,4.2,23.82357143,138.22,3.8,16.108,50,8,258.9695652
19,1120.81,19.06526316,58.99,59,492,2,200,3.9,81,22,9,2,10,2017,10.85714286,3960,23.99,4.3,13.13666667,89.99,4.1,16.56291667,58.99,3.9,19.06526316,39,6,58.99
33,4058.67,33.01,122.99,50,1257,1,700,4.1,113,22,9,1,7,2018,21.15384615,5700,23.99,4.3,18.81,79.99,4.1,16.745,58.99,3.9,7.67,35,6,122.99
8,1415.92,22.87625,176.99,40,1456,1,2425,3.8,20,20,8,2,2,2018,21.05263158,16530,99.99,4.2,13.72,129.99,4.3,16.71,176.99,3.8,22.87625,16,3,166.99
12,1479.98,39.19416667,123.3316667,47,1893,1,6050,4.1,137,23,8,2,1,2018,18.75,8000,49.9,4.1,19.495,49.9,4.2,15.84103448,49.9,4.1,16.50512821,25,5,89.99
6,539.94,13.02,89.99,59,492,3,250,4.1,25,23,8,1,3,2017,9.134440538,3960,19.99,4.3,13.81888889,89.99,4.1,13.02,64.99,3.9,17.26222222,40,6,89.94
8,944.4,14.29375,118.05,29,178,1,400,4.4,27,22,8,4,11,2017,33.33333333,4693,56.99,4.3,12.714,118.05,4.4,14.29375,118.05,4.4,14.29375,43,7,142.5
7,349.3,24.48142857,49.9,57,339,2,1800,4.2,46,23,8,1,8,2018,11.31276467,32560,49.91,4.1,20.32833333,49.9,4.2,36.442,49.9,4.1,32.32,29,5,49.9
1,98.9,13.71,98.9,45,236,1,173,4.0,35,21,10,1,12,2017,2.702702703,2808,149.99,4.2,38.57,98.9,4.0,13.71,109.9,3.5,25.24916667,5,1,98.9
82,4397.7,17.80780488,53.37910448,58,340,2,1500,4.0,339,22,8,4,11,2017,37.6146789,19800,52.40694444,4.1,17.06747253,53.64828125,4.2,16.07586207,53.78571429,4.1,18.27550725,31,5,59.9
32,4860.11,20.31375,151.8784375,35,514,2,4338,3.8,125,22,9,1,3,2018,17.62007555,2856,117.4412903,4.2,18.26129032,105.6428571,4.2,21.6652381,151.8784375,3.8,20.31375,44,8,182.0
51,4584.9,14.76921569,89.9,54,245,1,1383,3.9,61,22,8,1,6,2017,16.08743907,20000,89.9,3.9,14.76921569,209.0,4.4,21.322,45.95,4.0,12.93333333,1,0,89.9
1,59.9,17.16,59.9,57,339,2,1800,4.2,17,20,10,2,4,2017,7.879612825,32560,59.9,4.2,17.16,59.9,4.2,17.16,59.9,4.2,17.16,29,5,59.85
12,1656.87,35.9225,138.59,42,363,1,922,4.2,15,21,9,1,9,2017,12.63157895,7650,151.99,4.2,43.72272727,138.59,4.2,35.9225,138.59,4.2,35.9225,7,1,144.96
17,3383.0,0.0,199.0,42,236,1,342,4.1,260,23,8,3,5,2018,22.07792208,3510,103.7925234,4.2,0.095438596,105.0,4.2,11.3772973,132.53125,3.8,15.7621875,48,8,204.3846154
10,271.2,13.319,27.03333333,56,237,3,100,3.9,9,23,8,2,1,2018,41.66666667,2304,27.03333333,3.9,13.319,27.03333333,3.9,13.319,27.03333333,3.9,13.319,12,2,24.5
4,596.0,19.1,149.0,33,523,3,584,4.2,73,21,10,1,12,2017,6.060606061,2288,149.0,4.2,19.1,108.0,4.2,16.65384615,185.96,3.8,18.686,49,8,133.0
1,78.0,19.24,78.0,59,319,4,250,3.9,125,22,9,1,3,2018,2.740664611,640,117.4412903,4.2,18.26129032,105.6428571,4.2,21.6652381,151.8784375,3.8,20.31375,46,8,78.0
1,99.99,28.89,99.99,58,1893,1,5950,4.3,3,20,8,2,2,2017,7.510204082,8000,99.99,4.3,28.89,99.99,4.3,28.89,99.99,4.3,28.89,22,5,99.94
8,431.2,19.56375,53.9,57,339,2,1800,4.2,111,21,9,1,4,2018,7.879612825,32560,53.9,4.1,5.28173913,53.9,4.2,19.46846154,53.9,4.1,19.07142857,29,5,53.9
15,2698.5,14.92666667,179.9,35,514,2,4338,3.8,48,23,8,1,8,2017,13.86940097,2856,160.6692308,4.2,15.18538462,179.9,3.8,14.92666667,179.9,3.8,14.92666667,44,8,197.383
20,1799.8,14.811,89.99,59,492,3,250,4.1,98,23,8,2,1,2018,17.69911504,3960,23.99,4.3,11.28736842,89.99,4.1,14.811,58.99,3.9,22.67833333,40,6,89.99
1,101.0,67.02,101.0,36,450,1,9000,4.1,116,22,9,1,3,2018,9.107142857,19656,53.9,4.1,20.35967742,53.9,4.2,21.85285714,53.9,4.1,19.02423077,27,5,101.0
13,805.87,28.61461538,61.99,50,1257,1,350,3.9,169,22,9,1,3,2018,8.666666667,2964,23.99,4.3,14.19875,83.74,4.1,11.876875,58.99,3.9,15.228,38,6,61.94
8,307.2,15.55875,38.4,41,789,1,950,3.8,17,22,9,2,10,2017,15.09433962,14000,75.0,4.1,13.64,38.4,3.7,13.98,38.4,3.8,15.55875,20,4,38.4
15,898.5,17.87866667,59.9,59,341,2,1850,4.3,74,21,10,1,7,2017,13.5315534,32560,59.9,4.1,16.62642857,59.9,4.2,16.11157895,59.9,4.1,15.39230769,24,5,59.9
2,239.8,13.44,119.9,33,300,1,207,3.5,35,21,10,1,12,2017,66.66666667,2926,149.99,4.2,38.57,119.9,3.5,13.44,109.9,3.5,25.24916667,9,1,119.85
13,2277.0,57.29846154,175.1538462,33,2188,2,7650,4.2,116,22,9,1,3,2018,16.66666667,8000,53.9,4.1,20.35967742,53.9,4.2,21.85285714,53.9,4.1,19.02423077,30,5,179.0
23,7475.0,15.63782609,325.0,60,2644,6,400,4.2,126,20,8,2,2,2018,14.55696203,2992,23.99,4.3,12.55,89.99,4.1,16.30764706,58.99,3.9,19.575,34,6,325.0
28,9125.0,19.37035714,325.8928571,60,2644,6,400,4.2,169,22,9,1,3,2018,17.72151899,2992,23.99,4.3,14.19875,83.74,4.1,11.876875,58.99,3.9,15.228,34,6,325.0
20,3291.4,19.528,164.57,35,514,2,4338,3.8,54,21,9,1,9,2017,23.52941176,2856,148.7785714,4.2,14.04111111,164.57,3.8,19.528,164.57,3.8,19.528,44,8,179.9
9,449.1,27.77,49.9,58,340,2,1500,4.0,54,22,9,1,7,2018,7.261023972,19800,49.91,4.1,28.37333333,49.9,4.2,33.28142857,49.9,4.1,20.99,31,5,49.9
1,142.5,15.75,142.5,29,178,1,400,4.4,8,23,8,1,8,2017,12.44918699,4693,56.99,4.3,13.58857143,142.5,4.4,15.75,142.5,4.4,15.75,43,7,142.45
2,219.98,34.13,109.99,47,1893,1,6050,4.1,34,23,8,1,5,2017,7.548701299,8000,59.9,4.1,19.7325,59.9,4.2,26.24666667,109.99,4.1,34.13,25,5,96.65666667
15,748.5,22.87866667,49.9,57,366,2,1650,4.1,58,21,9,0,6,2018,7.894736842,19800,49.9,4.1,19.89083333,49.9,4.2,23.25166667,49.9,4.1,22.87866667,26,5,53.05789474
35,5246.5,30.22742857,149.9,48,894,1,533,4.3,107,21,9,1,4,2018,12.77372263,4840,120.9230769,4.2,27.25303571,149.9,4.3,30.22742857,80.66666667,3.5,18.17230769,10,1,149.9
24,1367.76,13.82,56.99,54,1536,2,250,4.3,34,21,10,1,12,2017,25.0,3360,56.99,4.3,13.82,118.0,4.4,11.02666667,56.99,4.3,13.82,42,7,56.99
18,1594.2,18.89833333,88.48823529,54,245,1,1383,3.9,41,21,10,1,12,2017,5.013927577,20000,88.48823529,3.9,18.89833333,88.48823529,3.9,18.89833333,39.99,4.0,15.23,1,0,89.9
14,1680.0,33.00214286,120.0,47,1893,1,6050,4.1,160,20,8,2,2,2018,11.58685065,8000,50.54516129,4.1,16.61153846,50.9,4.2,17.51944444,50.35714286,4.1,18.281875,25,5,123.3316667
6,599.94,15.90166667,99.99,54,995,1,4475,4.3,102,23,8,2,1,2018,25.0,32736,99.99,4.2,16.54,129.99,4.3,17.41,29.5,4.4,16.53263158,17,3,99.99
7,167.93,7.988571429,23.99,48,575,1,100,4.3,159,23,8,3,5,2018,9.805555556,4500,23.99,4.3,7.988571429,79.99,4.1,21.943125,58.99,3.9,9.4225,41,6,23.94
6,1950.0,21.075,325.0,60,2644,6,400,4.2,82,23,8,1,8,2017,16.9688676,2992,23.39740741,4.3,14.27678571,89.99,4.1,13.41055556,58.99,3.9,16.24090909,34,6,324.95
8,383.2,15.22625,47.9,38,735,5,800,4.2,43,22,9,1,3,2018,13.79310345,8000,86.9,3.9,19.98235294,47.9,4.2,15.22625,39.99,4.0,16.46235294,3,0,45.9
22,3307.8,22.54772727,150.3545455,48,894,1,533,4.3,152,23,8,2,1,2018,8.02919708,4840,156.5113514,4.2,36.8072093,150.3545455,4.3,22.54772727,97.6425,3.5,14.84655172,10,1,150.3045455
9,998.91,38.19222222,110.99,50,1257,1,700,4.1,169,22,9,1,3,2018,5.769230769,5700,23.99,4.3,14.19875,83.74,4.1,11.876875,58.99,3.9,15.228,35,6,110.99
5,499.95,31.946,99.99,58,1893,1,5950,4.3,21,23,8,1,3,2017,8.551020408,8000,99.99,4.3,31.946,99.99,4.3,31.946,99.99,4.3,31.946,22,5,99.99
9,702.0,14.63333333,78.0,59,319,4,250,3.9,59,23,8,2,1,2018,6.474820144,640,78.0,3.9,14.63333333,108.0,4.2,16.19636364,199.0,3.8,21.88,46,8,78.0
4,379.6,15.84,94.9,45,236,1,173,4.0,11,23,8,1,5,2017,10.81081081,2808,94.9,4.0,15.84,94.9,4.0,15.84,94.9,4.0,15.84,5,1,94.85
22,1297.78,16.24090909,58.99,59,492,2,200,3.9,82,23,8,1,8,2017,8.964285714,3960,23.39740741,4.3,14.27678571,89.99,4.1,13.41055556,58.99,3.9,16.24090909,39,6,59.25666667
10,1199.9,39.046,119.99,59,1893,1,6550,4.2,18,23,8,1,8,2018,5.68664966,8000,119.99,4.2,39.046,149.9,4.3,24.76,77.9,3.5,13.415,8,1,119.99
33,3564.0,18.25363636,108.0,58,3006,2,1000,4.2,90,20,8,2,2,2018,16.58291457,7632,128.2416667,4.2,15.92666667,108.0,4.2,18.25363636,182.0,3.8,19.33,47,8,108.0
14,335.86,12.55,23.99,48,575,1,100,4.3,126,20,8,2,2,2018,14.94444444,4500,23.99,4.3,12.55,89.99,4.1,16.30764706,58.99,3.9,19.575,41,6,23.99
9,1079.91,48.62666667,119.99,59,1893,1,6550,4.2,43,22,9,1,7,2018,4.961734694,8000,119.99,4.2,48.62666667,149.9,4.3,33.57153846,77.9,3.5,14.63857143,8,1,114.4911538
114,11820.2,0.095438596,103.7925234,33,523,3,584,4.2,260,23,8,3,5,2018,44.35797665,2288,103.7925234,4.2,0.095438596,105.0,4.2,11.3772973,132.53125,3.8,15.7621875,49,8,105.648625
18,719.82,13.74944444,39.99,39,161,2,350,4.0,62,20,8,2,2,2018,16.82242991,3800,86.9,3.9,19.20909091,39.99,4.0,13.74944444,39.99,4.0,13.74944444,0,0,39.99
2,479.8,14.805,239.9,35,640,1,335,4.1,29,21,10,1,7,2017,31.19469027,2992,161.5909091,4.2,15.52545455,239.9,4.1,14.805,197.383,3.8,16.606,51,8,239.85
39,2336.1,18.16230769,59.9,56,348,2,1550,4.1,113,23,8,1,8,2017,8.507525084,19800,59.9,4.1,18.16230769,59.9,4.2,17.68111111,59.9,4.1,18.05043478,28,5,59.9
22,657.8,10.10318182,29.9,55,388,1,250,4.5,118,21,9,1,4,2018,17.74193548,1200,29.9,4.5,10.10318182,79.99,4.1,14.485,58.99,3.9,16.30272727,36,6,29.9
27,2429.73,38.4162963,89.99,58,1893,1,5950,4.3,184,21,10,1,12,2017,27.55102041,8000,55.1,4.1,15.75960784,55.425,4.2,19.184375,55.75,4.1,17.26727273,22,5,89.99
